﻿"2411092","GYB31","2010","1","sou","","sou","","","","1","2010-01-14 00:00:00","2013-02-18 20:57:47","Lätt att göra rätt","","titel",""
"2424164","GYB3100","2010","100","sou","","sou","","","","100","2011-01-01 00:00:00","2013-02-18 20:58:48","Ansvar för järnvägssäkerheten","","titel",""
"2424133","GYB3101","2010","101","sou","","sou","","","","101","2010-12-23 00:00:00","2013-02-18 20:58:48","Handlingsplan för att utveckla strategier i miljömålssystemet","","titel",""
"2424080","GYB3102","2010","102","sou","","sou","","","","102","2010-12-23 00:00:00","2013-02-18 20:58:50","Massuppsägningar, arbetslöshet och sjuklighet","","titel",""
"2424131","GYB3103","2010","103","sou","","sou","","","","103","2010-12-23 00:00:00","2013-02-18 21:01:07","Särskilda spaningsmetoder","","titel",""
"2424132","GYB3104","2010","104","sou","","sou","","","","104","2010-12-23 00:00:00","2013-02-18 21:01:11","E-legitimationsnämnden och svensk e-legitimation","","titel",""
"2424156","GYB3105","2010","105","sou","","sou","","","","105","2011-01-01 00:00:00","2013-02-18 21:02:28","Ålderspension för invandrare från länder utanför OECD-området","","titel",""
"2439934","GYB3106d2","2010","106","sou","","sou","d2","","","106","2011-01-01 00:00:00","2013-02-18 21:03:43","Folkhälsa - Djurhälsa Ny ansvarsfördelning mellan stat och näring, del 2","","titel","GYB3106"
"2424183","GYB3107","2010","107","sou","","sou","","","","107","2011-01-01 00:00:00","2013-02-18 21:03:44","Läkares sjukskrivningspraxis","","titel",""
"2411050","GYB311","2010","11","sou","","sou","","","","11","2010-02-23 00:00:00","2013-02-18 21:03:46","Spela samman","","titel",""
"2411051","GYB312","2010","12","sou","","sou","","","","12","2010-02-23 00:00:00","2013-02-18 21:05:03","I samspel med musiklivet","","titel",""
"2411044","GYB313","2010","13","sou","","sou","d1","","","13","2011-01-01 00:00:00","2013-02-18 21:05:06","Upphandling på försvarets och säkerhetsområdet, del 1","","titel",""
"2411045","GYB313d2","2010","13","sou","","sou","d2","","","13","2011-01-01 00:00:00","2013-02-18 21:05:07","Upphandling på försvarets och säkerhetsområdet, del 2","","titel","GYB313"
"2410967","GYB314","2010","14","sou","","sou","","","","14","2010-03-09 00:00:00","2013-02-18 21:07:15","Partitillsyn enligt rättegångsbalken","","titel",""
"2446718","GYB315","2010","15","sou","","sou","","","","15","2011-01-01 00:00:00","2015-03-23 11:59:39","sou 2010 15 ","","DokTextExtraktor",""
"2411032","GYB316","2010","16","sou","","sou","","","","16","2010-03-04 00:00:00","2013-02-18 21:08:22","Sverige för nyanlända Värden, välfärdsstat, vardagsliv","","titel",""
"2410968","GYB317","2010","17","sou","","sou","","","","17","2010-03-08 00:00:00","2013-02-18 21:08:26","Prissatt vatten?","","titel",""
"2410905","GYB318","2010","18","sou","","sou","","","","18","2010-03-15 00:00:00","2013-02-18 21:09:29","En reformerad budgetlag","","titel",""
"2411052","GYB319","2010","19","sou","","sou","","","","19","2010-02-23 00:00:00","2013-02-18 21:09:30","Lärling - en bro mellan skola och arbetsliv","","titel",""
"2411070","GYB32","2010","2","sou","","sou","","","","2","2010-01-28 00:00:00","2013-02-18 21:11:44","Ett samlat insolvensförfarande","","titel",""
"2410887","GYB320","2010","20","sou","","sou","","","","20","2010-03-22 00:00:00","2013-02-18 21:11:45","Så enkelt som möjligt för så många som möjligt - från strategi till handling för e-förvaltning","","titel",""
"2410860","GYB321","2010","21","sou","","sou","","","","21","2010-04-14 00:00:00","2013-02-18 21:11:46","Bättre marknad för tjänstehundar","","titel",""
"2410826","GYB322","2010","22","sou","","sou","d1","","","22","2011-01-01 00:00:00","2013-02-18 21:11:46","Krigets lagar -centrala dokument om folkrätten under väpnad konflikt, neutralitet, ockupation och fredsinsatser, del 1","","titel",""
"2410827","GYB322d2","2010","22","sou","","sou","d2","","","22","2011-01-01 00:00:00","2013-02-18 21:12:45","Krigets lagar -centrala dokument om folkrätten under väpnad konflikt, neutralitet, ockupation och fredsinsatser, del 2","","titel","GYB322"
"2410828","GYB322d3","2010","22","sou","","sou","d3","","","22","2011-01-01 00:00:00","2013-02-18 21:13:52","Krigets lagar -centrala dokument om folkrätten under väpnad konflikt, neutralitet, ockupation och fredsinsatser, del 3","","titel","GYB322"
"2410829","GYB322d4","2010","22","sou","","sou","d4","","","22","2011-01-01 00:00:00","2013-02-18 21:13:52","Krigets lagar -centrala dokument om folkrätten under väpnad konflikt, neutralitet, ockupation och fredsinsatser, del 4","","titel","GYB322"
"2410854","GYB323","2010","23","sou","","sou","d1","","","23","2011-01-01 00:00:00","2013-02-18 21:14:59","Tredje sjösäkerhetspaketet Klassdirektivet, Klassförordningen, Olycksutredningsdirektivet, IMO:s olycksutredningskod, del 1","","titel",""
"2410855","GYB323d2","2010","23","sou","","sou","d2","","","23","2011-01-01 00:00:00","2013-02-18 21:15:01","Tredje sjösäkerhetspaketet Klassdirektivet, Klassförordningen, Olycksutredningsdirektivet, IMO:s olycksutredningskod, del 2","","titel","GYB323"
"2410861","GYB324","2010","24","sou","","sou","","","","24","2010-04-14 00:00:00","2013-02-18 21:16:04","Avtalad upphovsrätt","","titel",""
"2410876","GYB326","2010","26","sou","","sou","","","","26","2010-03-31 00:00:00","2010-04-15 13:44:15","Flyttningsbidrag och unionsrätten","","titel",""
"2410853","GYB327","2010","27","sou","","sou","","","","27","2010-04-16 00:00:00","2013-02-18 21:16:05","Gemensamt ansvar och gränsöverskridande samarbete inom transportforskningsarbetet","","titel",""
"2410834","GYB328","2010","28","sou","","sou","","","","28","2010-04-29 00:00:00","2013-02-18 21:17:14","Vändpunkt Sverige -ett ökat intresse för matematik, naturvetenskap, teknik och IKT","","titel",""
"2410824","GYB329","2010","29","sou","","sou","","","","29","2010-05-04 00:00:00","2013-02-18 21:19:22","En ny förvaltningslag","","titel",""
"2410825","GYB330","2010","30","sou","","sou","","","","30","2010-05-04 00:00:00","2013-02-18 21:21:42","Tredje inre marknadspaketetför el och naturgas ","","titel",""
"2410830","GYB331","2010","31","sou","","sou","","","","31","2010-05-03 00:00:00","2013-02-18 21:21:42","Första hjälpen i psykisk hälsa","","titel",""
"2410837","GYB332","2010","32","sou","","sou","","","","32","2010-04-28 00:00:00","2013-02-18 21:23:04","Utrikesförvaltning i världsklass","","titel",""
"2410819","GYB333","2010","33","sou","","sou","","","","33","2010-05-06 00:00:00","2013-02-18 21:23:05","Kvinnor, män och jämställdhet i läromedel i samhällskunskap","","titel",""
"2410814","GYB334","2010","34","sou","","sou","","","","34","2010-05-11 00:00:00","2013-02-18 21:23:06","På väg mot en ny roll - överväganden och förslag om Riksutställningar","","titel",""
"2410810","GYB335","2010","35","sou","","sou","","","","35","2010-05-25 00:00:00","2013-02-18 21:23:08","Kunskap som befrielse","","titel",""
"2410811","GYB336","2010","36","sou","","sou","","","","36","2010-05-25 00:00:00","2013-02-18 21:23:09","Svensk forskning om jämställdhet och skola","","titel",""
"2410812","GYB337","2010","37","sou","","sou","","","","37","2010-05-20 00:00:00","2013-02-18 21:23:10","Sverige för nyanlända utanför flyktingmottagandet","","titel",""
"2410787","GYB338","2010","38","sou","","sou","","","","38","2010-06-08 00:00:00","2013-02-18 21:24:09","Mutbrott","","titel",""
"2410788","GYB339","2010","39","sou","","sou","","","","39","2010-06-01 00:00:00","2013-02-18 21:26:38","Ny ordning för nationella vaccinationsprogram","","titel",""
"2411059","GYB34","2010","4","sou","","sou","d1","","","4","2011-01-01 00:00:00","2013-02-18 21:26:40","Allmänna handlingar i elektronisk form -offentlighet och integritet, del 1","","titel",""
"2410789","GYB340","2010","40","sou","","sou","","","","40","2010-05-28 00:00:00","2013-02-18 21:27:57","Cirkulär migration och utveckling -kartläggning av cirkulära rörelsemönster och diskussion om hur migrationens utvecklingspotential kan främjas","","titel",""
"2410753","GYB341","2010","41","sou","","sou","","","","41","2010-06-22 00:00:00","2013-02-18 21:28:01","Kompensationstillägg - om ersättning vid försenade utbetalningar","","titel",""
"2410741","GYB342","2010","42","sou","","sou","","","","42","2010-06-23 00:00:00","2013-02-18 21:30:27","Med fiskevård i fokus - en ny fiskevårdslag","","titel",""
"2410735","GYB343","2010","43","sou","","sou","","","","43","2010-06-29 00:00:00","2013-02-18 21:30:30","Förundersökningsbegränsning","","titel",""
"2410730","GYB344","2010","44","sou","","sou","","","","44","2010-06-30 00:00:00","2013-02-18 21:31:33","Mål och medel-särskilda åtgärder för vissa måltyper i domstol","","titel",""
"2410728","GYB345","2010","45","sou","","sou","","","","45","2010-06-30 00:00:00","2013-02-18 21:32:38","Händelseanalyser vid självmord inom hälso- och sjukvården och socialtjänsten","","titel",""
"2410729","GYB346","2010","46","sou","","sou","","","","46","2010-06-30 00:00:00","2013-02-18 21:39:16","Utländsk näringsverksamhet i Sverige En översyn av lagstiftningen om utländska filialer i ett EU-perspektiv","","titel",""
"2410736","GYB347","2010","47","sou","","sou","","","","47","2010-06-28 00:00:00","2013-02-18 21:50:56","Alkoholkonsumtion, alkoholproblem och sjukfrånvaro - vilka är sambanden?","","titel",""
"2410691","GYB348","2010","48","sou","","sou","","","","48","2010-08-03 00:00:00","2013-02-18 21:50:58","Multipla hälsoproblem bland personer över 60 år En systematisk litteraturöversikt om förekomst, konsekvenser och vård","","titel",""
"2410692","GYB349","2010","49","sou","","sou","","","","49","2010-08-03 00:00:00","2013-02-18 21:39:20","Förbud mot köp av sexuell tjänst En utvärdering 1999-2008","","titel",""
"2411060","GYB34d2","2010","4","sou","","sou","d2","","","4","2011-01-01 00:00:00","2013-02-18 21:40:42","Allmänna handlingar i elektronisk form -offentlighet och integritet, del 2","","titel","GYB34"
"2411065","GYB35","2010","5","sou","","sou","","","","5","2010-02-02 00:00:00","2013-02-18 21:40:45","Skolgång för alla barn","","titel",""
"2410754","GYB350","2010","50","sou","","sou","","","","50","2010-06-22 00:00:00","2013-02-18 21:41:53","Försvarsmaktens helikopterresurser","","titel",""
"2410693","GYB351","2010","51","sou","","sou","","","","51","2010-08-03 00:00:00","2013-02-18 21:41:54","Könsskillnader i skolprestationer - idéer om orsaker","","titel",""
"2410694","GYB352","2010","52","sou","","sou","","","","52","2010-08-03 00:00:00","2013-02-18 21:41:54","Biologiska faktorer och könsskillnader i skolresultat","","titel",""
"2410700","GYB353","2010","53","sou","","sou","","","","53","2010-07-12 00:00:00","2013-02-18 21:41:55","Pojkar och skolan: Ett bakgrundsdokument om "pojkkrisen"","","titel",""
"2410690","GYB354","2010","54","sou","","sou","","","","54","2010-08-11 00:00:00","2013-02-18 21:41:57","Förbättrad återbetalning av studieskulder","","titel",""
"2410695","GYB355","2010","55","sou","","sou","d1","","","55","2011-01-01 00:00:00","2013-02-18 21:43:15","Romers rätt, del 1","","titel",""
"2410696","GYB355d2","2010","55","sou","","sou","d2","","","55","2011-01-01 00:00:00","2013-02-18 21:39:21","Romers rätt, del 2","","titel","GYB355"
"2439095","GYB356","2010","56","sou","","sou","","","","56","2010-08-31 00:00:00","2013-02-18 21:43:22","Innovationsupphandling","","titel",""
"2439097","GYB357","2010","57","sou","","sou","","","","57","2010-09-02 00:00:00","2013-02-18 21:44:47","Effektivare planering av vägar och järnvägar","","titel",""
"2410689","GYB358","2010","58","sou","","sou","","","","58","2010-08-16 00:00:00","2013-02-18 21:44:48","Rehabiliteringsrådets delbetänkande","","titel",""
"2439096","GYB359","2010","59","sou","","sou","","","","59","2010-09-01 00:00:00","2013-02-18 21:49:35","Underhållsskyldighet i internationella situationer Underhållsförordningen, 2007 års Haagkonvention och 2007 års Haagprotokoll ","","titel",""
"2411056","GYB36","2010","6","sou","","sou","","","","6","2010-02-11 00:00:00","2013-02-18 21:49:36","Kunskapsläget på kärnavfallsområdet 2010 - utmaningar för slutförvarsprogrammet","","titel",""
"2424320","GYB360","2010","60","sou","","sou","","","","60","2010-08-30 00:00:00","2013-02-18 21:49:39","Ett utvidgat skydd mot åldersdiskriminering","","titel",""
"2439099","GYB361","2010","61","sou","","sou","","","","61","2010-09-08 00:00:00","2013-02-18 21:51:02","Driftskompatibilitet och enheter som ansvarar för underhåll inom EU:s järnvägssystem","","titel",""
"2439091","GYB362","2010","62","sou","","sou","","","","62","2010-09-30 00:00:00","2013-02-18 21:52:06","Så enkelt som möjligt för så många som möjligt Under konstruktion - framtidens e-förvaltning","","titel",""
"2439092","GYB363","2010","63","sou","","sou","","","","63","2010-09-30 00:00:00","2013-02-18 21:53:14","EU:s direktiv om sanktioner mot arbetsgivare","","titel",""
"2439093","GYB364","2010","64","sou","","sou","","","","64","2010-10-01 00:00:00","2013-02-18 21:53:15",""Se de tidiga tecknen" - forskare reflekterar över sju berättelser från förskola och skola","","titel",""
"2439132","GYB365","2010","65","sou","","sou","","","","65","2010-10-13 00:00:00","2013-02-18 21:54:44","Kompetens och ansvar","","titel",""
"2439103","GYB366","2010","66","sou","","sou","","","","66","2010-10-08 00:00:00","2013-02-18 21:54:45","Barns perspektiv på jämställdhet i skola En kunskapsöversikt","","titel",""
"2439163","GYB367","2010","67","sou","","sou","","","","67","2010-10-20 00:00:00","2013-02-18 21:56:08","I rättan tid? Om ålder och skolstart","","titel",""
"2439180","GYB368","2010","68","sou","","sou","","","","68","2010-10-25 00:00:00","2013-02-18 21:57:13","Ny yttrandefrihetsgrundlag? Yttrandefrihetskommittén presenterar tre modeller","","titel",""
"2439182","GYB369","2010","69","sou","","sou","","","","69","2010-10-18 00:00:00","2013-02-18 21:57:17","Förbättrad vinterberdskap inom järnvägen","","titel",""
"2411066","GYB37","2010","7","sou","","sou","","","","7","2010-02-02 00:00:00","2013-02-18 21:58:26","Aktiva åtgärder för att främja lika rättigheter och möjligheter -ett systematiskt målinriktat arbete på tre samhällsområden","- ett systematiskt målinriktat arbete på tre samhällsområden","titel",""
"2439149","GYB370","2010","70","sou","","sou","","","","70","2011-01-01 00:00:00","2013-02-18 21:59:57","Ny struktur för skydd av mänskliga rättigheter","","titel",""
"2439150","GYB370d2","2010","70","sou","","sou","d2","","","70","2011-01-01 00:00:00","2013-02-18 22:01:17","Ny struktur för skydd av mänskliga rättigheter Bilagor","","titel","GYB370"
"2439198","GYB371","2010","71","sou","","sou","","","","71","2010-10-27 00:00:00","2013-02-18 22:02:34","Sexualbrottslagstiftningen -utvärdering och reformförslag","","titel",""
"2439204","GYB373","2010","73","sou","","sou","","","","73","2010-10-28 00:00:00","2013-02-18 22:03:59","Svensk sjöfarts konkurrensförutsättningar","","titel",""
"2439197","GYB374","2010","74","sou","","sou","","","","74","2010-10-18 00:00:00","2013-02-18 22:05:18","Mer innovation ur transportforskning","","titel",""
"2439320","GYB375","2010","75","sou","","sou","","","","75","2010-11-10 00:00:00","2013-02-18 22:05:23","Gymnasial lärlingsutbildning","","titel",""
"2439227","GYB376","2010","76","sou","","sou","d1","","","76","2011-01-01 00:00:00","2013-02-18 22:10:28","Transportstyrelsens databaser på vägtrafikområdet, del 1","","titel",""
"2439226","GYB376d2","2010","76","sou","","sou","d2","","","76","2011-01-01 00:00:00","2013-02-18 22:10:34","Transportstyrelsens databaser på vägtrafikområdet, del 2","","titel","GYB376"
"2439225","GYB376d3","2010","76","sou","","sou","d3","","","76","2011-01-01 00:00:00","2013-02-18 22:10:37","Transportstyrelsens databaser på vägtrafikområdet, del 3","","titel","GYB376"
"2439302","GYB377","2010","77","sou","","sou","","","","77","2010-11-04 00:00:00","2013-02-18 22:10:40","Sammanläggningar av landsting -övergångsstyre och utjämning","","titel",""
"2439245","GYB378","2010","78","sou","","sou","d1","","","78","2011-01-01 00:00:00","2013-02-18 22:10:44","Fondverksamhet över gränserna Genomförande av UCITS IV-direktivet, del 1","","titel",""
"2439244","GYB378d2","2010","78","sou","","sou","d2","","","78","2011-01-01 00:00:00","2013-02-18 22:10:47","Fondverksamhet över gränserna Genomförande av UCITS IV-direktivet, del 2","","titel","GYB378"
"2439243","GYB378d3","2010","78","sou","","sou","d3","","","78","2011-01-01 00:00:00","2013-02-18 22:10:49","Fondverksamhet över gränserna Genomförande av UCITS IV-direktivet, del 3","","titel","GYB378"
"2439252","GYB379","2010","79","sou","","sou","","","","79","2010-11-03 00:00:00","2013-02-18 22:10:51","Pojkars och flickors psykiska hälsa i skolan: en kunskapsöversikt","","titel",""
"2411061","GYB38","2010","8","sou","","sou","","","","8","2010-02-04 00:00:00","2013-02-18 22:27:01","En mynighet för havs- och vattenmiljö","","titel",""
"2439251","GYB380","2010","80","sou","","sou","","","","80","2010-11-03 00:00:00","2013-02-18 22:33:34","Skolan och ungdomars psykosociala hälsa","","titel",""
"2439596","GYB381","2010","81","sou","","sou","","","","81","2010-11-29 00:00:00","2013-02-18 22:35:48","En ny biobankslag","","titel",""
"2439914","GYB382","2010","82","sou","","sou","","","","82","2010-12-23 00:00:00","2013-02-18 22:27:03","Trafikverket ICT","","titel",""
"2439438","GYB383","2010","83","sou","","sou","","","","83","2010-11-18 00:00:00","2013-02-18 22:35:50","Att bli medveten och förändra sitt förhållningssätt","","titel",""
"2424130","GYB384","2010","84","sou","","sou","","","","84","2011-01-01 00:00:00","2013-02-18 22:35:51","Hedersrelaterad problematik i skolan","","titel",""
"2439504","GYB385","2010","85","sou","","sou","","","","85","2010-11-23 00:00:00","2013-02-18 22:36:55","Vem arbetar efter 65 års ålder? En statistisk analys","","titel",""
"2439609","GYB386","2010","86","sou","","sou","","","","86","2010-11-30 00:00:00","2013-02-18 22:27:08","Personalförsörjningen i ett reformerat försvar","","titel",""
"2410059","GYB387","2010","87","sou","","sou","","","","87","2010-12-07 00:00:00","2013-02-18 22:27:09","Skadestånd och Europakonventionen","","titel",""
"2439608","GYB388","2010","88","sou","","sou","","","","88","2010-11-30 00:00:00","2013-02-18 22:38:06","Vägen till arbete","","titel",""
"2439905","GYB389","2010","89","sou","","sou","","","","89","2010-12-09 00:00:00","2013-02-18 22:27:11","Finns det samband mellan samsjuklighet och sjukfrånvaro?","","titel",""
"2411062","GYB39","2010","9","sou","","sou","","","","9","2010-02-04 00:00:00","2013-02-18 22:27:12","Den framtida organisationen för vissa fiskefrågor","","titel",""
"2439906","GYB390","2010","90","sou","","sou","d1","","","90","2011-01-01 00:00:00","2013-02-18 22:28:33","En ny lag om ekonomiska föreningar, del 1","","titel",""
"2439907","GYB390d2","2010","90","sou","","sou","d2","","","90","2011-01-01 00:00:00","2013-02-18 22:29:37","En ny lag om ekonomiska föreningar, del 2","","titel","GYB390"
"2410054","GYB392","2010","92","sou","","sou","","","","92","2010-12-07 00:00:00","2013-02-18 22:29:39","En effektivare förvaltning av statens fastigheter","","titel",""
"2439902","GYB393","2010","93","sou","","sou","","","","93","2011-01-01 00:00:00","2013-02-18 22:30:50","Att skapa arbeten Löner, anställningsskydd och konkurrens","","titel",""
"2439903","GYB393en","2010","93","sou","","sou","en","","","93","2011-01-01 00:00:00","2013-02-18 22:30:50","Att skapa arbeten Löner, anställningsskydd och konkurrens, english","","titel","GYB393"
"2439908","GYB394","2010","94","sou","","sou","","","","94","2010-12-13 00:00:00","2013-02-18 22:30:51","Gotland -användningen av beteckningarna regionfullmäktige och regionstyrelse","","titel",""
"2439904","GYB395","2010","95","sou","","sou","","","","95","2010-12-16 00:00:00","2013-02-18 22:32:22","Se, tolka och agera - allas rätt till en likvärdig utbildning","","titel",""
"2424155","GYB396","2010","96","sou","","sou","","","","96","2011-01-01 00:00:00","2013-02-18 22:33:36","Riktiga betyg är bättre än höga betyg","","titel",""
"2424134","GYB397","2010","97","sou","","sou","","","","97","2011-01-01 00:00:00","2013-02-18 22:33:39","Resultatuppföljning, läskvalitet och skolutveckling - tre bidrag till diskussionen om jämställdhet i skolan","","titel",""
"2417484","GYB398","2010","98","sou","","sou","","","","98","2010-12-16 00:00:00","2013-02-18 22:38:10","Gårdsförsäljning","","titel",""
"2424135","GYB399","2010","99","sou","","sou","","","","99","2011-01-01 00:00:00","2013-02-18 22:39:28","Flickor, pojkar, individer - om betydelsen av jämställdhet för kunskap och utveckling i skolan","","titel",""
﻿"2834125","GZB302","2011","02","sou","","sou","","","","2","2012-01-01 00:00:00","2013-06-05 12:28:08","sou 2011 02 ","","hämtad",""
"2816020","GZB309","2011","09","sou","","sou","","","","9","2012-01-01 00:00:00","2013-02-24 10:36:59","sou 2011 09 ","","hämtad",""
"2441861","GZB310","2011","10","sou","","sou","","","","10","2011-02-02 00:00:00","2013-02-24 10:37:01","Antidopning Sverige","","titel",""
"2441848","GZB311","2011","11","sou","","sou","","","","11","2011-02-02 00:00:00","2013-02-24 10:37:05","Långtidsutredningen 2011","","titel",""
"2442617","GZB312","2011","12","sou","","sou","","","","12","2011-02-04 00:00:00","2013-02-24 10:37:08","Medfinansiering av transportinfrastruktur","","titel",""
"2687843","GZB313","2011","13","sou","","sou","","","","13","2011-03-29 00:00:00","2013-02-24 10:37:09","Uppföljning av signalspaningslagen","","titel",""
"2442939","GZB314","2011","14","sou","","sou","","","","14","2011-02-15 00:00:00","2013-02-24 10:37:11","Kunskapsläget på kärnavfallsområdet 2011","","titel",""
"2439964","GZB315","2011","15","sou","","sou","","","","15","2012-01-01 00:00:00","2013-02-24 10:37:13","Rehabiliteringsrådets slutbetänkande","","titel",""
"2458325","GZB316","2011","16","sou","","sou","","","","16","2011-03-14 00:00:00","2013-02-24 10:37:14","Allmän skyldighet att hjälpa nödställda","","titel",""
"2443423","GZB317","2011","17","sou","","sou","","","","17","2011-02-15 00:00:00","2013-02-24 10:38:28","Förvar","","titel",""
"2446800","GZB318","2011","18","sou","","sou","","","","18","2011-03-02 00:00:00","2013-02-24 10:40:51","Strålsäkerhet - gällande rätt i ny form","","titel",""
"2447665","GZB319","2011","19","sou","","sou","","","","19","2011-03-09 00:00:00","2013-02-24 10:40:55","Tid för Snabb Flexibel Inlärning ","","titel",""
"2424196","GZB32","2011","2","sou","","sou","","","","2","2011-01-18 00:00:00","2013-02-24 10:42:12","Välfärdsstaten i arbete","","titel",""
"2458345","GZB320","2011","20","sou","","sou","","","","20","2011-03-15 00:00:00","2015-05-20 08:13:54","Dataskydd vid europeiskt polisiärt straffrättsligt samarbete","","titel",""
"2447392","GZB321","2011","21","sou","","sou","","","","21","2011-03-08 00:00:00","2013-02-24 10:51:46","Utrikesförvaltning i världsklass","","titel",""
"2458317","GZB323","2011","23","sou","","sou","","","","23","2011-03-11 00:00:00","2013-02-24 20:27:24","Revision av livsmedelskedjans kontrollmyndigheter","","titel",""
"2687723","GZB324","2011","24","sou","","sou","","","","24","2011-03-17 00:00:00","2013-02-24 20:27:27","Sänkt restaurang- och cateringmoms","","titel",""
"2687202","GZB325","2011","25","sou","","sou","","","","25","2011-04-06 00:00:00","2013-02-24 20:28:32","Utökat polissamarbete i Norden och EU","","titel",""
"2687246","GZB326","2011","26","sou","","sou","","","","26","2011-04-07 00:00:00","2013-02-24 20:29:44","Studiemedel för gränslös kunskap","","titel",""
"2684611","GZB327","2011","27","sou","","sou","","","","27","2011-03-25 00:00:00","2013-02-24 20:29:47","Så enkelt som möjligt för så många som möjligt","","titel",""
"2687147","GZB328","2011","28","sou","","sou","","","","28","2011-04-04 00:00:00","2013-02-24 20:31:09","Cirkulär migration och utveckling - förslag och framåtblick","","titel",""
"2687247","GZB329","2011","29","sou","","sou","","","","29","2011-04-11 00:00:00","2011-04-12 17:00:20","Samlat, genomtänkt och uthålligt","","titel",""
"2440009","GZB33","2011","3","sou","","sou","","","","3","2011-01-26 00:00:00","2013-02-24 20:32:34","Sanktionsavgifter på trygghetsområdet","","titel",""
"2687204","GZB330","2011","30","sou","","sou","","","","30","2011-03-30 00:00:00","2013-02-24 20:32:41","Med rätt att välja","","titel",""
"2687203","GZB331","2011","31","sou","","sou","","","","31","2011-04-06 00:00:00","2013-02-24 20:34:04","Staten som fatighetsägare och hyresgäst","","titel",""
"2687333","GZB332","2011","32","sou","","sou","","","","32","2011-04-15 00:00:00","2013-02-24 20:34:06","En ny upphovsrättslag","","titel",""
"2687129","GZB333","2011","33","sou","","sou","","","","33","2011-04-15 00:00:00","2013-02-24 20:34:07","Rapportera, anmäla och avhjälpa missförhållanden - för barns och elevers bästa","","titel",""
"2687277","GZB334","2011","34","sou","","sou","","","","34","2011-04-04 00:00:00","2013-02-24 20:35:29","Etappmål i miljömålssystemet","","titel",""
"2689185","GZB335","2011","35","sou","","sou","d1","","","35","2012-01-01 00:00:00","2013-02-24 20:35:36","Bättre insatser vid missbruk och beroende, del 1","","titel",""
"2689186","GZB335d2","2011","35","sou","","sou","d2","","","35","2012-01-01 00:00:00","2013-02-24 20:37:00","Bättre insatser vid missbruk och beroende, del 2","","titel","GZB335"
"2687241","GZB336","2011","36","sou","","sou","d1","","","36","2012-01-01 00:00:00","2013-02-24 20:38:30","Forskning och utveckling samt försvarslogistik, del 1","","titel",""
"2687242","GZB336d2","2011","36","sou","","sou","d2","","","36","2012-01-01 00:00:00","2013-02-24 20:38:37","Forskning och utveckling samt försvarslogistik, del 2","","titel","GZB336"
"2687243","GZB336d3","2011","36","sou","","sou","d3","","","36","2012-01-01 00:00:00","2013-02-24 20:38:38","Forskning och utveckling samt försvarslogistik, del 3","","titel","GZB336"
"2700245","GZB336d4","2011","36","sou","","sou","d4","","","36","2012-01-01 00:00:00","2013-02-24 20:38:42","Forskning och utveckling samt försvarslogistik, del 4","","titel","GZB336"
"2700246","GZB336d5","2011","36","sou","","sou","d5","","","36","2012-01-01 00:00:00","2013-02-24 20:38:43","Forskning och utveckling samt försvarslogistik, del 5","","titel","GZB336"
"2688267","GZB337","2011","37","sou","","sou","","","","37","2011-04-20 00:00:00","2013-02-24 20:40:17","Rovdjurens bevarandestatus","","titel",""
"2687315","GZB338","2011","38","sou","","sou","","","","38","2011-04-14 00:00:00","2013-02-24 20:40:21","Ett myndighetsgemensamt servicecenter","","titel",""
"2689187","GZB339","2011","39","sou","","sou","","","","39","2011-04-27 00:00:00","2013-02-24 20:41:49","H - Likvärdiga förutsättningar","","titel",""
"2441424","GZB34","2011","4","sou","","sou","","","","4","2012-01-01 00:00:00","2013-02-24 20:41:59","Genomförande av EU:s regelverk om inre vattenvägar i svensk rätt","","titel",""
"2688121","GZB340","2011","40","sou","","sou","","","","40","2011-04-20 00:00:00","2013-02-24 20:43:52","Månadsuppgifter - snabbt och enkelt","","titel",""
"2697794","GZB341","2011","41","sou","","sou","","","","41","2011-04-29 00:00:00","2013-02-24 20:43:53","Alkoholservering på särskilda boenden","","titel",""
"2699642","GZB342","2011","42","sou","","sou","","","","42","2011-05-04 00:00:00","2013-02-24 20:43:56","En reformerad domstolslagstiftning","","titel",""
"2696980","GZB343","2011","43","sou","","sou","d1","","","43","2012-01-01 00:00:00","2013-02-24 20:45:26","Offentlig upphandling från eget företag?! - och vissa andra frågor, del 1","","titel",""
"2696981","GZB343d2","2011","43","sou","","sou","d2","","","43","2012-01-01 00:00:00","2013-02-24 20:46:54","Offentlig upphandling från eget företag?! - och vissa andra frågor, del 2","","titel","GZB343"
"2697795","GZB344","2011","44","sou","","sou","","","","44","2011-04-29 00:00:00","2013-02-24 20:48:29","Fjärrvärme i konkurrens","","titel",""
"2699903","GZB345","2011","45","sou","","sou","","","","45","2011-05-18 00:00:00","2013-02-24 20:48:30","Förundersökning - objektivitet, beslag, dokumentation m.m.","","titel",""
"2700404","GZB346","2011","46","sou","","sou","","","","46","2011-05-18 00:00:00","2013-02-24 20:50:19","FRANS Framtida regelverk och ansvarsförhållanden på naturgasmarknaden i Sverige","","titel",""
"2700236","GZB347","2011","47","sou","","sou","","","","47","2011-05-24 00:00:00","2013-02-24 20:59:45","En samlad ekobrottsbekämpning","","titel",""
"2700420","GZB348","2011","48","sou","","sou","","","","48","2011-06-01 00:00:00","2013-02-24 21:05:23","Vård efter behov och på lika villkor - en mänsklig rättighet","","titel",""
"2702660","GZB349","2011","49","sou","","sou","","","","49","2011-06-13 00:00:00","2013-02-24 21:06:45","Medfinansiering av transportinfrastrukturer","","titel",""
"2771315","GZB34en","2011","4","sou","","sou","en","","","4","2012-01-01 00:00:00","2013-02-24 20:59:45","Genomförande av EU:s regelverk om inre vattenvägar i svensk rätt, english","","titel","GZB34"
"2439998","GZB35","2011","5","sou","","sou","","","","5","2012-01-01 00:00:00","2013-02-24 21:06:50","Bemanningsdirektivets genomförande i Sverige","","titel",""
"2702654","GZB351","2011","51","sou","","sou","","","","51","2011-06-13 00:00:00","2013-02-24 21:09:42","Fortsatt föräldrar - om ansvar, ekonomi och samarbete för barnets skull","","titel",""
"2702829","GZB352","2011","52","sou","","sou","","","","52","2011-06-17 00:00:00","2013-02-24 21:09:43","Uppdragstagare i arbetslöhetsförsäkringen","","titel",""
"2712690","GZB354","2011","54","sou","","sou","","","","54","2011-06-21 00:00:00","2013-02-24 21:09:45","Större ekonomisk trygghet för förtroendevalda","","titel",""
"2712813","GZB355","2011","55","sou","","sou","","","","55","2011-06-28 00:00:00","2013-02-24 21:09:47","Kommunaliserad hemsjukvård","","titel",""
"2712857","GZB356","2011","56","sou","","sou","d1","","","56","2012-01-01 00:00:00","2013-02-24 21:09:49","Kunskap på djupet, del 1","","titel",""
"2712858","GZB356d2","2011","56","sou","","sou","d2","","","56","2012-01-01 00:00:00","2013-02-24 21:11:06","Kunskap på djupet, del 2","","titel","GZB356"
"2712861","GZB357","2011","57","sou","","sou","","","","57","2011-07-01 00:00:00","2013-02-24 21:14:25","En bättre arbetsmiljö genom effektivare sanktioner","","titel",""
"2729246","GZB358","2011","58","sou","","sou","","","","58","2011-09-27 00:00:00","2013-02-24 20:59:45","Skolans dokument - insyn och sekretess","","titel",""
"2723341","GZB359","2011","59","sou","","sou","","","","59","2011-09-15 00:00:00","2013-02-24 21:01:46","Spara i goda tider","","titel",""
"2439970","GZB35en","2011","5","sou","","sou","en","","","5","2012-01-01 00:00:00","2012-05-03 17:23:47","Bemanningsdirektivets genomförande i Sverige, english","","titel","GZB35"
"2441675","GZB36","2011","6","sou","","sou","","","","6","2011-02-01 00:00:00","2013-02-24 21:03:00","Missbruket, kunskapen, vården","","titel",""
"2729121","GZB360","2011","60","sou","","sou","","","","60","2012-01-01 00:00:00","2013-02-24 21:03:01","Ett nationellt kunskapscentrum för arbetsmiljö- behov och förutsättningar","","titel",""
"2729122","GZB360en","2011","60","sou","","sou","en","","","60","2012-01-01 00:00:00","2013-02-24 21:03:01","Ett nationellt kunskapscentrum för arbetsmiljö- behov och förutsättningar, english","","titel","GZB360"
"2729520","GZB361","2011","61","sou","","sou","","","","61","2011-09-29 00:00:00","2013-02-24 21:04:11","Vanvård i social barnavård","","titel",""
"2736051","GZB362","2011","62","sou","","sou","","","","62","2011-10-10 00:00:00","2013-02-24 21:11:07","Underhållsansvaret för statens renskötselanläggningar","","titel",""
"2734846","GZB363","2011","63","sou","","sou","","","","63","2011-10-07 00:00:00","2013-02-24 21:12:14","Framgångsrik företagshälsovård - möjligheter och medtoder","","titel",""
"2737864","GZB364","2011","64","sou","","sou","","","","64","2011-10-14 00:00:00","2013-02-24 21:12:15","Asylsökande ensamkommande barn","","titel",""
"2738868","GZB365","2011","65","sou","","sou","","","","65","2011-10-18 00:00:00","2013-02-24 21:12:19","Statens roll i framtidens vård- och omsorgssystem","","titel",""
"2739208","GZB366","2011","66","sou","","sou","","","","66","2011-10-19 00:00:00","2013-02-24 21:13:25","Sveriges internationella engagemang på narkotikaområdet","","titel",""
"2737461","GZB367","2011","67","sou","","sou","","","","67","2011-10-13 00:00:00","2013-02-24 21:14:27","Så enkelt som möjligt för så många som möjligt","","titel",""
"2739704","GZB368","2011","68","sou","","sou","","","","68","2011-10-21 00:00:00","2013-02-24 21:17:03","Rörelsereglering för försäkring och tjänstepension Del 1 + 2","","titel",""
"2793119","GZB369","2011","69","sou","","sou","","","","69","2012-01-01 00:00:00","2013-02-24 21:18:10","sou 2011 69 ","","hämtad",""
"2442716","GZB37","2011","7","sou","","sou","","","","7","2011-02-09 00:00:00","2013-02-24 21:19:17","Transporter av frihetsberövade","","titel",""
"2742340","GZB370","2011","70","sou","","sou","","","","70","2011-10-28 00:00:00","2013-02-24 21:19:21","Sänkt moms på vissa tjänster?","","titel",""
"2750191","GZB371","2011","71","sou","","sou","d1","","","71","2012-01-01 00:00:00","2013-02-24 21:20:43","Utlämning, del 1","","titel",""
"2750192","GZB371d2","2011","71","sou","","sou","d2","","","71","2012-01-01 00:00:00","2013-02-24 21:22:55","Utlämning, del 2","","titel","GZB371"
"2749825","GZB372","2011","72","sou","","sou","","","","72","2011-11-14 00:00:00","2013-02-24 21:23:02","Gymnasial lärlingsutbildning - med fokus på kvalitet!","","titel",""
"2751653","GZB373","2011","73","sou","","sou","","","","73","2011-11-21 00:00:00","2013-02-24 21:24:30","På jakt efter den goda affären","","titel",""
"2750198","GZB374","2011","74","sou","","sou","","","","74","2011-11-15 00:00:00","2013-02-24 21:24:33","I gränslandet Social trygghet vid gränsarbete i Norden","","titel",""
"2754044","GZB375","2011","75","sou","","sou","d1","","","75","2012-01-01 00:00:00","2013-02-24 21:25:49","Ny djurskyddslag, del 1","","titel",""
"2754045","GZB375d2","2011","75","sou","","sou","d2","","","75","2012-01-01 00:00:00","2013-02-24 21:25:49","Ny djurskyddslag, del 2","","titel","GZB375"
"2754046","GZB375d3","2011","75","sou","","sou","d3","","","75","2012-01-01 00:00:00","2013-02-24 21:26:53","Ny djurskyddslag, del 3","","titel","GZB375"
"2754047","GZB375d4","2011","75","sou","","sou","d4","","","75","2012-01-01 00:00:00","2013-02-24 21:28:01","Ny djurskyddslag, del 4","","titel","GZB375"
"2754960","GZB378","2011","78","sou","","sou","","","","78","2011-12-01 00:00:00","2013-02-24 21:28:05","Stärkt krisberedskap i det centrala betalningssystemet","","titel",""
"2765059","GZB379","2011","79","sou","","sou","","","","79","2012-01-01 00:00:00","2013-02-24 21:28:06","Kunskapsområdet företagshäsovård","","titel",""
"2440421","GZB38","2011","8","sou","","sou","","","","8","2012-01-01 00:00:00","2013-02-24 21:30:21","Den framtida gymnasiesärskolan -en likvärdig utbildning för ungdomar med utvecklingsstörning","","titel",""
"2756484","GZB380","2011","80","sou","","sou","","","","80","2011-12-07 00:00:00","2013-02-24 21:31:41","Informationsutbyte vid samarbete mot grov organiserad brottslighet","","titel",""
"2758181","GZB381","2011","81","sou","","sou","","","","81","2011-12-13 00:00:00","2013-02-24 21:31:47","Myndighetschefers villkor","","titel",""
"2756485","GZB382","2011","82","sou","","sou","","","","82","2011-12-07 00:00:00","2013-02-24 21:31:51","Ny lag om åtgärder mot förorning från fartyg","","titel",""
"2758598","GZB383","2011","83","sou","","sou","","","","83","2011-12-14 00:00:00","2013-02-24 21:33:11","En samlad tolktjänst","","titel",""
"2765718","GZB384","2011","84","sou","","sou","","","","84","2012-01-01 00:00:00","2013-02-24 21:34:17","ILO:s konvention om arbete ombord på fiskefartyg","","titel",""
"2767557","GZB385","2011","85","sou","","sou","","","","85","2012-01-01 00:00:00","2013-02-24 21:35:22","Fridskränkningsbrotten och egenmäktighet med barn","","titel",""
"2766940","GZB386","2011","86","sou","","sou","","","","86","2012-01-01 00:00:00","2013-02-24 21:37:48","Bättre miljö - minskande utsläpp","","titel",""
"2441875","GZB38LL","2011","8","sou","","sou","LL","","","8","2012-01-01 00:00:00","2013-02-24 21:37:48","Den framtida gymnasiesärskolan -en likvärdig utbildning för ungdomar med utvecklingsstörning, lättläst","","titel","GZB38"
"2442742","GZB39","2011","9","sou","","sou","","","","9","2011-02-10 00:00:00","2013-02-24 21:37:54","Barnen som samhället svek - åtgärder med anledning av övergrepp och allvarliga försummelser i samhällsvården","","titel",""
﻿"2767075","H0B31","2012","1","sou","","sou","","","","1","2012-01-17 00:00:00","2013-02-25 01:23:29","Tre blir två! Två nya myndigheter inom utbildningsområdet","","titel",""
"2777172","H0B310","2012","10","sou","","sou","","","","10","2012-05-02 00:00:00","2012-05-03 08:58:51","Läsarnas marknad, marknadens läsare","","titel",""
"2777173","H0B310d2","2012","10","sou","","sou","d2","","","10","2012-05-02 00:00:00","2013-02-25 01:23:32","Läsarnas marknad, marknadens läsare, del 2","","titel","H0B310"
"2777174","H0B310d3","2012","10","sou","","sou","d3","","","10","2012-05-02 00:00:00","2013-02-25 01:23:34","Läsarnas marknad, marknadens läsare, del 3","","titel","H0B310"
"2777175","H0B310d4","2012","10","sou","","sou","d4","","","10","2012-05-02 00:00:00","2013-02-25 01:24:35","Läsarnas marknad, marknadens läsare, del 4","","titel","H0B310"
"2782105","H0B311","2012","11","sou","","sou","","","","11","2012-04-04 00:00:00","2013-02-25 01:24:39","Snabbare betalningar","","titel",""
"2777811","H0B312","2012","12","sou","","sou","","","","12","2012-05-30 00:00:00","2013-02-25 01:26:51","Penningtvätt - kriminalisering, förverkande och dispositionsförbud ","","hämtad",""
"2781671","H0B3126","2012","126","prop","","prop","","","","126","2012-03-30 00:00:00","2013-02-25 01:26:52","Elektronisk stämningsansökan i brottmål ","","titel",""
"2781633","H0B313","2012","13","sou","","sou","","","","13","2012-03-30 00:00:00","2013-02-25 01:28:01","Betänkande av Polisorganisationskommittén","","titel",""
"2777671","H0B314","2012","14","sou","","sou","","","","14","2012-03-14 00:00:00","2013-02-25 01:28:05","Ekonomiskt värde och samhällsnytta","","titel",""
"2781670","H0B315","2012","15","sou","","sou","","","","15","2012-03-30 00:00:00","2013-02-25 01:29:22","Mindre våld för pengarna","","titel",""
"2781656","H0B316","2012","16","sou","","sou","","","","16","2012-03-30 00:00:00","2013-02-25 01:29:23","Att angöra en kulturbrygga","- till stöd för förnyelse och utveckling inom kulturområdet","titel",""
"2781914","H0B317","2012","17","sou","","sou","d1","","","17","2012-05-02 00:00:00","2013-02-25 01:30:35","Psykiatrin och lagen- tvångsvård, straffansvar och samhällsskydd, del 1","","titel",""
"2781915","H0B317d2","2012","17","sou","","sou","d2","","","17","2012-05-02 00:00:00","2013-02-25 01:32:05","Psykiatrin och lagen- tvångsvård, straffansvar och samhällsskydd, del 2","","titel","H0B317"
"2780717","H0B318","2012","18","sou","","sou","","","","18","2012-03-26 00:00:00","2013-02-25 01:32:07","Så enkelt som möjligt för så många som möjligt","","titel",""
"2781669","H0B319","2012","19","sou","","sou","","","","19","2012-03-30 00:00:00","2012-04-13 13:36:36","Nationella patent på engelska?","","titel",""
"2766939","H0B32","2012","2","sou","","sou","","","","2","2012-01-16 00:00:00","2013-02-25 01:33:27","Framtidens högkostnadsskydd i vården","","titel",""
"2782898","H0B320","2012","20","sou","","sou","","","","20","2012-04-10 00:00:00","2013-02-25 01:33:27","Betänkande av Utredningen om Kvalitetssäkring av forskning och utveckling vid statliga myndigheter","","titel",""
"2781668","H0B321","2012","21","sou","","sou","","","","21","2012-03-30 00:00:00","2013-02-25 01:33:32","Här finns mer att hämta - it-användningen i småföretag","","titel",""
"2781922","H0B322","2012","22","sou","","sou","d1","","","22","2012-05-02 00:00:00","2013-02-25 01:34:53","Mål för rovdjuren, del 1","","titel",""
"2783672","H0B323","2012","23","sou","","sou","","","","23","2012-04-11 00:00:00","2013-02-25 01:34:56","Mindre våld för pengarna","","titel",""
"2782899","H0B324","2012","24","sou","","sou","","","","24","2012-04-10 00:00:00","2013-02-25 01:36:08","Likvärdig utbildning -  riksrekryterande gymnasial utbildning ","","titel",""
"2781494","H0B325","2012","25","sou","","sou","","","","25","2012-03-29 00:00:00","2013-02-25 01:36:10","Delbetänkande av Hyresbostadsutredningen","","titel",""
"2787885","H0B326","2012","26","sou","","sou","","","","26","2012-05-02 00:00:00","2013-02-25 01:37:35","En ny brottsskadelag","","titel",""
"2784990","H0B327","2012","27","sou","","sou","","","","27","2012-04-16 00:00:00","2013-02-25 01:37:41","Färdplan för framtiden - en utvecklad flygtrafiktjänst","","titel",""
"2786040","H0B328","2012","28","sou","","sou","d1","","","28","2012-04-19 00:00:00","2014-04-09 08:56:19","Längre liv, längre arbetsliv, del 1","","titel",""
"2769744","H0B33","2012","3","sou","","sou","","","","3","2012-01-30 00:00:00","2013-02-25 01:39:00","Skatteincitament för riskkapital","","titel",""
"2788380","H0B330","2012","30","sou","","sou","","","","30","2012-05-07 00:00:00","2013-02-25 01:41:22","Vital kommunal demokrati","","hämtad",""
"2788233","H0B331","2012","31","sou","","sou","","","","31","2012-05-04 00:00:00","2013-02-25 01:41:30","Sänkta trösklar - högt i tak","","hämtad",""
"2788223","H0B332","2012","32","sou","","sou","","","","32","2012-05-04 00:00:00","2013-02-25 01:42:43","Upphandlingsstödets framtid","","titel",""
"2789194","H0B333","2012","33","sou","","sou","","","","33","2012-05-15 00:00:00","2013-02-25 01:44:11","Gör det enklare!","","titel",""
"2791247","H0B334","2012","34","sou","","sou","d1","","","34","2012-06-05 00:00:00","2013-02-25 01:45:35","Nya påföljder, Del 1-4, del 1","","hämtad",""
"2791246","H0B334d2","2012","34","sou","","sou","d2","","","34","2012-06-05 00:00:00","2013-02-25 01:48:03","Nya påföljder, Del 1-4, del 2","","hämtad","H0B334"
"2791245","H0B334d3","2012","34","sou","","sou","d3","","","34","2012-06-05 00:00:00","2013-02-25 01:50:43","Nya påföljder, Del 1-4, del 3","","hämtad","H0B334"
"2791244","H0B334d4","2012","34","sou","","sou","d4","","","34","2012-06-05 00:00:00","2012-06-05 10:02:15","Nya påföljder, Del 1-4, del 4","","titel","H0B334"
"2789955","H0B335","2012","35","sou","","sou","","","","35","2012-05-24 00:00:00","2013-02-25 01:52:01","Stärkt skydd mot tvångsäktenskap och barnäktenskap","","hämtad",""
"2791555","H0B337","2012","37","sou","","sou","","","","37","2012-06-07 00:00:00","2013-02-25 01:52:04","Kulturmiljöarbete i en ny tid","","hämtad",""
"2793919","H0B338","2012","38","sou","","sou","","","","38","2012-06-15 00:00:00","2013-02-25 01:53:17","Minska riskerna med farliga ämnen!","","titel",""
"2793378","H0B339","2012","39","sou","","sou","d1","","","39","2012-06-14 00:00:00","2013-02-25 01:53:19","Vägar till förbättrad produktivitet och innovationsgrad i anläggningsbranschen, del 1","","titel",""
"2793379","H0B339d2","2012","39","sou","","sou","d2","","","39","2012-06-14 00:00:00","2013-02-25 01:53:21","Vägar till förbättrad produktivitet och innovationsgrad i anläggningsbranschen, del 2","","titel","H0B339"
"2793380","H0B339d3","2012","39","sou","","sou","d3","","","39","2012-06-14 00:00:00","2013-02-25 01:53:22","Vägar till förbättrad produktivitet och innovationsgrad i anläggningsbranschen, del 3","","titel","H0B339"
"2793381","H0B339d4","2012","39","sou","","sou","d4","","","39","2012-06-14 00:00:00","2013-02-25 01:54:47","Vägar till förbättrad produktivitet och innovationsgrad i anläggningsbranschen, del 4","","titel","H0B339"
"2793382","H0B339d5","2012","39","sou","","sou","d5","","","39","2012-06-14 00:00:00","2013-02-25 01:54:49","Vägar till förbättrad produktivitet och innovationsgrad i anläggningsbranschen, del 5","","titel","H0B339"
"2771316","H0B34","2012","4","sou","","sou","","","","4","2012-02-07 00:00:00","2013-02-25 01:54:53","Kompletterande regler om personuppgiftsbehandling på det arbetsmarknadspolitiska området","","titel",""
"2791084","H0B340","2012","40","sou","","sou","","","","40","2012-06-04 00:00:00","2013-02-25 01:54:54","Innovationsstödjande verksamheter vid universitet och högskolor","","hämtad",""
"2791083","H0B341","2012","41","sou","","sou","d1","","","41","2012-06-04 00:00:00","2013-02-25 01:56:10","Innovationsstödjande verksamheter vid universitet och högskolor, del 1","","hämtad",""
"2791082","H0B341d2","2012","41","sou","","sou","d2","","","41","2012-06-04 00:00:00","2013-02-25 01:56:10","Innovationsstödjande verksamheter vid universitet och högskolor, del 2","","hämtad","H0B341"
"2791081","H0B342","2012","42","sou","","sou","","","","42","2012-06-04 00:00:00","2013-02-25 01:56:11","Bättre behörighetskontroll","","hämtad",""
"2796133","H0B343","2012","43","sou","","sou","","","","43","2012-06-27 00:00:00","2013-02-25 01:56:15","Konsumenten i centrum, - ett framtida konsumentstöd","","hämtad",""
"2796293","H0B344","2012","44","sou","","sou","","","","44","2012-06-28 00:00:00","2013-06-05 12:38:03","Hemliga tvångsmedel mot allvarliga brott","","hämtad",""
"2796478","H0B345","2012","45","sou","","sou","","","","45","2012-06-29 00:00:00","2013-02-25 01:59:29","Kvinnor och barn i rättens gränsland","","hämtad",""
"2794746","H0B346","2012","46","sou","","sou","","","","46","2012-06-19 00:00:00","2013-02-25 02:00:43","Dammsäkerhet, Tydliga regler och effektiv tillsyn","","hämtad",""
"2796270","H0B347","2012","47","sou","","sou","","","","47","2012-06-28 00:00:00","2013-02-25 02:02:21","Harmoniserat inkomstbegrepp","","hämtad",""
"2798362","H0B348","2012","48","sou","","sou","","","","48","2012-07-16 00:00:00","2013-02-25 02:02:23","Maritim samverkan","","titel",""
"2800613","H0B349","2012","49","sou","","sou","","","","49","2012-08-21 00:00:00","2013-02-25 02:02:26","Tolkning och översättning vid straffrättsliga förfaranden","","hämtad",""
"2770707","H0B35","2012","5","sou","","sou","","","","5","2012-02-03 00:00:00","2013-02-25 02:03:33","Högskolornas föreskrifter","","titel",""
"2800611","H0B350","2012","50","sou","","sou","","","","50","2012-08-21 00:00:00","2013-06-05 12:39:42","sou 2012 50 ","","hämtad",""
"2800612","H0B351","2012","51","sou","","sou","","","","51","2012-08-21 00:00:00","2013-06-05 12:39:43","Utvärdering av IPRED-lagstifningen","","hämtad",""
"2801125","H0B352","2012","52","sou","","sou","","","","52","2012-08-24 00:00:00","2013-06-05 12:41:36","Bostadstaxering - avveckling eller förenkling","","hämtad",""
"2801124","H0B353","2012","53","sou","","sou","","","","53","2012-08-24 00:00:00","2013-06-05 12:46:07","AP-fonderna i pensionssystemet","","hämtad",""
"2803602","H0B354","2012","54","sou","","sou","","","","54","2012-09-12 00:00:00","2013-06-05 12:47:37","Återvinning av fartyg, - underlag för ratificering av Hong Kong-konventionen","","hämtad",""
"2801122","H0B355","2012","55","sou","","sou","d1","","","55","2012-08-24 00:00:00","2013-06-05 12:49:26","En översyn av tryck- och yttrandefriheten, del 1","","titel",""
"2801123","H0B355d2","2012","55","sou","","sou","d2","","","55","2012-08-24 00:00:00","2013-06-05 12:53:56","En översyn av tryck- och yttrandefriheten, del 2","","titel","H0B355"
"2801790","H0B356","2012","56","sou","","sou","","","","56","2012-08-29 00:00:00","2013-06-05 12:54:00","Mot det hållbara samhället, - resurseffektiv avfallshantering","","titel",""
"2802041","H0B357","2012","57","sou","","sou","","","","57","2012-08-31 00:00:00","2013-06-05 12:55:29","Tydligare regler om fri rörlighet för EES-medborgare och deras familjemedlemmar","","titel",""
"2804016","H0B358","2012","58","sou","","sou","","","","58","2012-09-14 00:00:00","2013-06-05 12:55:30","Stöd till dagstidningar på samiska och miänkäli","","titel",""
"2803457","H0B359","2012","59","sou","","sou","","","","59","2012-09-11 00:00:00","2013-06-05 12:59:51","Nya villkor för public service","","hämtad",""
"2773653","H0B36","2012","6","sou","","sou","","","","6","2012-02-16 00:00:00","2013-06-05 13:00:01","Åtgärder mot fusk och felaktigheter med assistansersättning","","titel",""
"2806483","H0B360","2012","60","sou","","sou","","","","60","2012-09-28 00:00:00","2013-06-05 13:02:01","Avgifter på väg och vägtullsystem","","titel",""
"2806916","H0B361","2012","61","sou","","sou","","","","61","2012-10-02 00:00:00","2013-06-05 13:02:10","Högre ersättning vid mastupplåtelser","","titel",""
"2806489","H0B362en","2012","62","sou","","sou","en","","","62","2012-09-28 00:00:00","2013-06-05 13:02:10","Uppsägningstvister, english","","titel",""
"2806490","H0B362se","2012","62","sou","","sou","se","","","62","2012-09-28 00:00:00","2013-06-05 13:03:39","Uppsägningstvister","","titel","H0B362en"
"2807476","H0B363","2012","63","sou","","sou","","","","63","2012-10-03 00:00:00","2013-06-05 13:06:32","Små företag - stora möjligheter med it","","titel",""
"2806491","H0B364","2012","64","sou","","sou","d1","","","64","2012-09-28 00:00:00","2013-06-05 13:09:28","Förstärkt försäkringstagarskydd, del 1","","titel",""
"2806492","H0B364d2","2012","64","sou","","sou","d2","","","64","2012-09-28 00:00:00","2013-06-05 13:09:29","Förstärkt försäkringstagarskydd, del 2","","titel","H0B364"
"2806254","H0B365","2012","65","sou","","sou","","","","65","2012-09-27 00:00:00","2013-06-05 13:12:43","Läsandets kultur, - slutbetänkande av Litteraturutredningen","","hämtad",""
"2806253","H0B366","2012","66","sou","","sou","","","","66","2012-09-27 00:00:00","2013-06-05 13:12:48","Skatteincitament för forskning och utveckling","","hämtad",""
"2812257","H0B367","2012","67","sou","","sou","","","","67","2012-10-09 00:00:00","2013-06-05 13:16:29","Förvaltare av alternativa investeringsfonder","","titel",""
"2807346","H0B368","2012","68","sou","","sou","","","","68","2012-10-03 00:00:00","2013-06-05 13:16:31","Så enkelt som möjligt för så många som möjligt, - förstärkt samordning av förvaltningsgemensamma tjänster","","titel",""
"2814574","H0B369","2012","69","sou","","sou","","","","69","2012-10-23 00:00:00","2013-06-05 13:22:01","Med rätt att delta, - nyanlända kvinnor och anhöriginvandrare på arbetsmarknaden","","titel",""
"2776068","H0B37","2012","7","sou","","sou","","","","7","2012-02-29 00:00:00","2013-06-05 13:22:05","Kunskapsläget på kärnavfallsområdet 2012","","titel",""
"2816026","H0B371","2012","71","sou","","sou","","","","71","2012-10-31 00:00:00","2013-06-05 13:32:00","Tomträttsavgäld och friköp","","titel",""
"2817849","H0B373","2012","73","sou","","sou","","","","73","2012-11-09 00:00:00","2013-06-05 13:33:21","Undersökningstillstånd och arbetsplaner","","hämtad",""
"2817842","H0B374","2012","74","sou","","sou","","","","74","2012-11-09 00:00:00","2013-06-05 13:33:25","Främlingsfienden inom oss, Bilagedel","","hämtad",""
"2816018","H0B375","2012","75","sou","","sou","","","","75","2012-10-31 00:00:00","2013-06-05 13:40:28","Pris, tillgång och service, - fortsatt utveckling av läkemedels- och apoteksmarknaden","","titel",""
"2818926","H0B376","2012","76","sou","","sou","","","","76","2012-11-15 00:00:00","2013-06-05 13:40:34","Utbildning för elever i samhällsvård och fjärr- och distansundervisning","","hämtad",""
"2822554","H0B377","2012","77","sou","","sou","","","","77","2012-11-29 00:00:00","2013-06-05 13:40:37","En tydligare organisation för Säkerhetspolisen","","titel",""
"2822555","H0B378","2012","78","sou","","sou","","","","78","2012-11-29 00:00:00","2013-06-05 13:41:58","En sammanhållen svensk polis, - följdändringar i författningar","","titel",""
"2823681","H0B379","2012","79","sou","","sou","","","","79","2012-12-05 00:00:00","2013-06-05 13:42:00","En databas för övervakning av och tillsyn över finansmarknaderna","","titel",""
"2777113","H0B38","2012","8","sou","","sou","","","","8","2012-03-06 00:00:00","2013-06-05 13:43:27","Skadeståndsansvar och försäkringsplikt vid sjötransporter","","titel",""
"2822556","H0B380","2012","80","sou","","sou","","","","80","2012-11-29 00:00:00","2013-06-05 13:44:50","Utbildningsanställning","","titel",""
"2826961","H0B381","2012","81","sou","","sou","","","","81","2012-12-17 00:00:00","2013-01-17 13:19:11","Statens regionala förvaltning, - förslag till en angelägen reform","","titel",""
"2823342","H0B382","2012","82","sou","","sou","","","","82","2012-12-04 00:00:00","2013-06-05 13:46:18","Hyres- och arrendetvister i framtiden","","titel",""
"2825042","H0B383","2012","83","sou","","sou","","","","83","2012-12-11 00:00:00","2013-06-05 13:47:52","Vad är officiell statistik?, En översyn av statistiksystemet och SCB","","titel",""
"2827403","H0B384","2012","84","sou","","sou","","","","84","2012-12-18 00:00:00","2013-06-05 13:47:58","Näringsförbud, - tillsyn och effektivitet","","titel",""
"2827734","H0B385","2012","85","sou","","sou","","","","85","2012-12-19 00:00:00","2013-06-05 13:49:20","Avlyssning mot grova vapenbrott?","","titel",""
"2825043","H0B386","2012","86","sou","","sou","","","","86","2012-12-11 00:00:00","2013-06-05 13:51:02","sou 2012 86 ","","hämtad",""
"2827755","H0B388","2012","88","sou","","sou","","","","88","2012-12-19 00:00:00","2013-06-05 13:52:23","Att hyra - från en rätt för allt färre till en möjlighet för allt fler","","titel",""
"2830865","H0B389","2012","89","sou","","sou","","","","89","2013-01-01 00:00:00","2013-06-05 13:53:49","4 kap. 6 § miljöbalken","","titel",""
"2777134","H0B39","2012","9","sou","","sou","","","","9","2012-03-07 00:00:00","2013-06-05 13:53:53","Förmån och fälla - nyanländas uttag av föräldrapenning","","titel",""
"2830990","H0B390","2012","90","sou","","sou","","","","90","2013-01-01 00:00:00","2013-06-05 13:53:55","Överskottsinformation vid direktåtkomst","","titel",""
"2830854","H0B391","2012","91","sou","","sou","","","","91","2013-01-01 00:00:00","2013-06-05 13:56:31","Ett effektivare plangenomförande","","titel",""
"2831839","H0B392","2012","92","sou","","sou","","","","92","2013-01-01 00:00:00","2013-06-05 13:59:03","Arbetshjälpmedel och försäkringsskydd för arbete på lika villkor","","titel",""
"2833587","H0B393","2012","93","sou","","sou","d1","","","93","2013-01-01 00:00:00","2013-06-05 14:00:18","En mordernare rättegång, - en uppföljning, Del 2, Bilagor","","titel",""
"2833588","H0B393d2","2012","93","sou","","sou","d2","","","93","2013-01-01 00:00:00","2013-06-05 14:01:42","En mordernare rättegång, - en uppföljning, Del 2, Bilagor","","titel","H0B393"
"2830855","H0B394","2012","94","sou","","sou","","","","94","2013-01-01 00:00:00","2013-06-05 14:03:22","Proportionalitet i val samt förhandsanmälan av partier och kandidater","","titel",""
"2835688","H0B395","2012","95","sou","","sou","","","","95","2013-01-01 00:00:00","2013-06-05 14:06:07","Spioneri och annan olovlig underrättelseverksamhet, Ett förstärkt skydd för Sveriges säkerhet","","titel",""
﻿"2831840","H1B31","2013","1","sou","","sou","","","","1","2013-01-16 00:00:00","2013-03-25 00:20:15","sou 2013 1 ","","hämtad",""
"2857044","H1B310","2013","10","sou","","sou","","","","10","2013-05-15 00:00:00","2013-05-27 09:53:12","Rätta byggfelen snabbt!, - med effektivare förelägganden och försäkringar","","titel",""
"2841273","H1B311","2013","11","sou","","sou","","","","11","2013-03-07 00:00:00","2013-03-14 14:25:30","Kunskapsläget på Kärnavfallsområdet 2013","","DokTextExtraktor",""
"2840519","H1B312","2013","12","sou","","sou","","","","12","2013-03-05 00:00:00","2013-03-14 14:25:46","Goda affärer en strategi för hållbar offentlig upphandling","","DokTextExtraktor",""
"2838958","H1B313","2013","13","sou","","sou","","","","13","2013-02-22 00:00:00","2013-03-14 14:26:39","Ungdomar utanför gymnasieskolan","- ett förtydligat ansvar för stat och kommun","hï¿½mtad",""
"2840515","H1B314","2013","14","sou","","sou","","","","14","2013-03-05 00:00:00","2013-03-14 14:26:25","En översyn inom Sevesoområdet","- förslag till en förstÃ¤rkt organisation för att förebygga och begränsa följderna av allvarliga kemikalieolyckor","DokTextExtraktor",""
"2842149","H1B315","2013","15","sou","","sou","","","","15","2013-03-12 00:00:00","2013-05-27 09:53:12","För framtidens hälsa , - en ny läkarutbildning","","titel",""
"2833312","H1B316","2013","16","sou","","sou","","","","16","2013-03-08 00:00:00","2013-03-08 16:05:45","Effektivare konkurrenstillsyn","","DokTextExtraktor",""
"2848887","H1B317","2013","17","sou","","sou","d1","","","17","2013-04-03 00:00:00","2013-05-27 09:53:12","Brottmålsprocessen, Del 1 + 2, del 1","","titel",""
"2848888","H1B317d2","2013","17","sou","","sou","d2","","","17","2013-04-03 00:00:00","2013-05-27 09:53:12","Brottmålsprocessen, Del 1 + 2, del 2","","titel","H1B317"
"2848889","H1B317d3","2013","17","sou","","sou","d3","","","17","2013-04-03 00:00:00","2013-05-27 09:53:12","Brottmålsprocessen, Del 1 + 2, del 3","","titel","H1B317"
"2846198","H1B319","2013","19","sou","","sou","","","","19","2013-03-21 00:00:00","2013-05-27 09:53:12","Mera glädje för pengarna","","titel",""
"2897968","H1B319d2","2013","19","sou","","sou","d2","","","19","2013-11-20 00:00:00","2013-11-20 09:09:43","sou 2013 19 d2","","DokTextExtraktor","H1B319"
"2897969","H1B319d3","2013","19","sou","","sou","d3","","","19","2013-11-20 00:00:00","2013-11-20 09:09:43","sou 2013 19 d3","","DokTextExtraktor","H1B319"
"2834827","H1B32","2013","2","sou","","sou","","","","2","2013-01-31 00:00:00","2013-03-08 16:10:37","Patientlag","","hï¿½mtad",""
"2849044","H1B320","2013","20","sou","","sou","","","","20","2013-04-04 00:00:00","2013-05-27 09:53:12","Kommunal vuxenutbildning på grundläggande nivå, - en översyn för ökad individanpassning och effektivitet","","titel",""
"2849030","H1B321","2013","21","sou","","sou","","","","21","2013-04-04 00:00:00","2013-05-27 09:53:12","Internationell straffverkställighet","","titel",""
"2849231","H1B323","2013","23","sou","","sou","d1","","","23","2013-04-05 00:00:00","2013-04-05 14:09:19","sou 2013 23 d1","","DokTextExtraktor",""
"2849233","H1B323d2","2013","23","sou","","sou","d2","","","23","2013-04-05 00:00:00","2013-04-05 14:10:06","sou 2013 23 d2","","DokTextExtraktor","H1B323"
"2852788","H1B324","2013","24","sou","","sou","","","","24","2013-04-22 00:00:00","2013-05-06 10:19:43","E-röstning och andra valfrågor","","titel",""
"2849774","H1B325","2013","25","sou","","sou","","","","25","2013-04-09 00:00:00","2013-05-06 10:19:43","Åtgärder för ett längre arbetsliv","","titel",""
"2852379","H1B326","2013","26","sou","","sou","","","","26","2013-04-19 00:00:00","2013-05-06 10:19:43","Fri att leka och lära, - ett målinriktat arbete för barns ökade säkerhet i förskolan","","titel",""
"2855131","H1B327","2013","27","sou","","sou","","","","27","2013-05-03 00:00:00","2013-05-06 10:19:43","Vissa frågor om gode män och förvaltare","","titel",""
"2855129","H1B328","2013","28","sou","","sou","d1","","","28","2013-05-03 00:00:00","2013-05-06 10:19:43","Försäkring på transportområdet i krig och kris, del 1","","titel",""
"2855130","H1B328d2","2013","28","sou","","sou","d2","","","28","2013-05-03 00:00:00","2013-05-06 10:19:43","Försäkring på transportområdet i krig och kris, del 2","","titel","H1B328"
"2854366","H1B329","2013","29","sou","","sou","","","","29","2013-04-29 00:00:00","2013-05-08 11:08:29","Det svenska medborgarskapet","","titel",""
"2854367","H1B329en","2013","29","sou","","sou","en","","","29","2013-04-29 00:00:00","2013-05-08 11:08:29","Det svenska medborgarskapet, english","","titel","H1B329"
"2854368","H1B329ll","2013","29","sou","","sou","ll","","","29","2013-04-29 00:00:00","2013-05-08 11:08:29","Det svenska medborgarskapet","","titel","H1B329"
"2835844","H1B33","2013","3","sou","","sou","","","","3","2013-02-07 00:00:00","2013-03-14 14:26:51","sou 2013 3 Trängselskatt - delegation, sanktioner och utländska fordon","","hï¿½mtad",""
"2855128","H1B330","2013","30","sou","","sou","","","","30","2013-05-03 00:00:00","2013-05-06 14:25:05","Det tar tid , - om effekter av skolpolitiska reformer","","titel",""
"2855223","H1B331","2013","31","sou","","sou","","","","31","2013-05-03 00:00:00","2013-05-08 11:08:29","En digital agenda i människans tjänst, - Sveriges digitala ekosystem, dess aktörer och drivkrafter","","titel",""
"2855232","H1B332","2013","32","sou","","sou","","","","32","2013-05-03 00:00:00","2013-05-07 11:44:34","Budgetramverket - uppfyller det EU:s, direktiv?","","titel",""
"2854369","H1B333","2013","33","sou","","sou","","","","33","2013-04-29 00:00:00","2013-05-06 14:25:05","En myndighet för alarmering","","titel",""
"2855771","H1B334","2013","34","sou","","sou","","","","34","2013-05-07 00:00:00","2013-05-07 12:05:09","En effektivare plan- och bygglovsprocess","","titel",""
"2859736","H1B335","2013","35","sou","","sou","","","","35","2013-05-28 00:00:00","2013-05-30 10:44:49","En ny lag om personnamn","","titel",""
"2860223","H1B336","2013","36","sou","","sou","","","","36","2013-05-30 00:00:00","2013-05-31 07:49:17","Discilplinansvar i ett reformerat försvar","","titel",""
"2860270","H1B337","2013","37","sou","","sou","","","","37","2013-05-30 00:00:00","2013-06-04 12:38:38","Begripliga beslut, på migrationsområdet","","titel",""
"2863070","H1B338","2013","38","sou","","sou","d1","","","38","2013-06-12 00:00:00","2013-06-13 14:45:05","Vad bör straffas?, Del 1+2, del 1","","titel",""
"2863071","H1B338d2","2013","38","sou","","sou","d2","","","38","2013-06-12 00:00:00","2013-06-13 14:45:05","Vad bör straffas?, Del 1+2, del 2","","titel","H1B338"
"2861157","H1B339","2013","39","sou","","sou","","","","39","2013-06-03 00:00:00","2013-06-04 12:38:38","Europarådets konvention om it-relaterad brottslighet","","titel",""
"2835976","H1B34","2013","4","sou","","sou","","","","4","2013-02-08 00:00:00","2013-02-22 15:11:42","Tillstånd och medling","","hämtad",""
"2862849","H1B340","2013","40","sou","","sou","","","","40","2013-06-12 00:00:00","2013-06-12 10:56:37","Att tänka nytt för att göra nytta, - om perspektivskiften i offentlig verksamhet","","titel",""
"2863745","H1B341","2013","41","sou","","sou","","","","41","2013-06-14 00:00:00","2013-06-17 09:25:46","Förskolegaranti","","titel",""
"2862850","H1B342","2013","42","sou","","sou","","","","42","2013-06-12 00:00:00","2013-06-14 13:50:32","Tillsyn över polisen","","titel",""
"2864249","H1B343","2013","43","sou","","sou","d1","","","43","2013-06-17 00:00:00","2013-06-18 14:00:31","Långsiktigt hållbar markanvändning,  - del 1, del 1","","titel",""
"2866049","H1B344","2013","44","sou","","sou","","","","44","2013-06-26 00:00:00","2013-06-27 06:41:18","Ansvarsfull hälso- och sjukvård","","titel",""
"2861677","H1B345","2013","45","sou","","sou","","","","45","2013-06-05 00:00:00","2013-06-18 10:43:01","Rätt information - Kvalitet och patientsäkerhet för vuxna med nedsatt beslutsförmåga","","titel",""
"2863794","H1B346","2013","46","sou","","sou","","","","46","2013-06-14 00:00:00","2013-06-17 09:35:53","Beskattning av mikroproducerad el m.m.","","titel",""
"2862977","H1B347","2013","47","sou","","sou","","","","47","2013-06-12 00:00:00","2013-06-18 10:43:01","Effektivare bredbandsstöd","","titel",""
"2864505","H1B348","2013","48","sou","","sou","","","","48","2013-06-18 00:00:00","2013-06-25 12:42:44","Patentlagen och det enhetliga europeiska patentsystemet","","titel",""
"2865786","H1B349","2013","49","sou","","sou","","","","49","2013-06-25 00:00:00","2013-06-25 12:42:44","Nämndemannauppdraget, - breddad rekrytering och kvalificerad medverkan","","titel",""
"2867930","H1B350","2013","50","sou","","sou","","","","50","2013-07-10 00:00:00","2013-07-10 09:50:59","En väg till ökad tillsyn:, marknadsföring av och e-handel med alkohol och tobak","","titel",""
"2872034","H1B351","2013","51","sou","","sou","","","","51","2013-08-12 00:00:00","2014-02-03 14:38:47","Skydd för geografisk information","","titel",""
"2865797","H1B352","2013","52","sou","","sou","","","","52","2013-06-25 00:00:00","2013-06-26 15:10:47","Moderniserad studiehjälp","","titel",""
"2866465","H1B353","2013","53","sou","","sou","d1","","","53","2013-06-28 00:00:00","2013-07-01 07:45:50","Privata utförare - kontroll och insyn, del 1","","titel",""
"2866464","H1B353d2","2013","53","sou","","sou","d2","","","53","2013-06-28 00:00:00","2013-07-01 07:45:50","Privata utförare - kontroll och insyn, del 2","","titel","H1B353"
"2873261","H1B354","2013","54","sou","","sou","","","","54","2013-08-21 00:00:00","2013-08-22 10:12:26","Tillgång till läkemedel och sjukvårdsmateriel vid allvarliga händelser och kriser","","titel",""
"2875520","H1B355","2013","55","sou","","sou","","","","55","2013-09-06 00:00:00","2013-09-13 10:30:36","Statens kulturfastigheter, - urval och förvaltning för framtiden","","titel",""
"2873139","H1B356","2013","56","sou","","sou","","","","56","2013-08-20 00:00:00","2013-08-22 10:22:32","Friskolorna i samhället","","titel",""
"2874582","H1B357","2013","57","sou","","sou","","","","57","2013-08-30 00:00:00","2013-09-02 08:06:41","Samordnade bullerregler för att underlätta bostadsbyggandet","","titel",""
"2874444","H1B358","2013","58","sou","","sou","","","","58","2013-08-29 00:00:00","2013-08-30 14:08:20","Lättläst","","titel",""
"2874445","H1B358LL","2013","58","sou","","sou","LL","","","58","2013-08-29 00:00:00","2013-08-30 14:08:20","Lättläst, lättläst","","titel","H1B358"
"2874574","H1B359","2013","59","sou","","sou","","","","59","2013-08-30 00:00:00","2013-09-02 08:16:47","Ersättning vid rådighetsinskränkningar","","titel",""
"2841603","H1B36","2013","6","sou","","sou","","","","6","2013-03-08 00:00:00","2013-03-14 14:25:05","Att förebygga och hantera finansiella kriser","","DokTextExtraktor",""
"2873613","H1B360","2013","60","sou","","sou","","","","60","2013-08-23 00:00:00","2013-08-30 14:08:20","Åtgärder för samexistens mellan människa och varg","","titel",""
"2875354","H1B361","2013","61","sou","","sou","","","","61","2013-09-05 00:00:00","2013-09-05 12:30:46","Försvarsfastigheter i framtiden","","titel",""
"2876332","H1B362","2013","62","sou","","sou","","","","62","2013-09-12 00:00:00","2013-09-13 08:29:20","Förbudet mot dubbla förfaranden","","titel",""
"2876355","H1B363","2013","63","sou","","sou","","","","63","2013-09-12 00:00:00","2013-09-13 08:39:26","Verkställighet av utländska domar och beslut","","titel",""
"2876862","H1B365","2013","65","sou","","sou","","","","65","2013-09-16 00:00:00","2013-09-17 08:46:50","Förstärkta kapitaltäckningsregler","","titel",""
"2876160","H1B366","2013","66","sou","","sou","","","","66","2013-09-11 00:00:00","2013-09-20 13:01:05","Översyn av det statliga stödet till dagspressen","","titel",""
"2880836","H1B367","2013","67","sou","","sou","","","","67","2013-10-02 00:00:00","2013-10-03 07:38:35","Flygbuller och bostadsbyggande","","titel",""
"2894946","H1B368","2013","68","sou","","sou","","","","68","2013-10-15 00:00:00","2013-10-16 07:36:17","Synliggöra värdet av ekosystemtjänster, - Åtgärder för välfärd genom biologisk mångfald och ekosystemtjänster","","titel",""
"2883329","H1B369","2013","69","sou","","sou","","","","69","2013-10-04 00:00:00","2013-10-04 09:36:13","Ny tid ny prövning, - förslag till ändrade vattenrättsliga regler","","titel",""
"2835033","H1B37","2013","7","sou","","sou","","","","7","2013-02-01 00:00:00","2013-03-14 14:27:02","Skärpningar i vapenlagstiftningen","","hï¿½mtad",""
"2884201","H1B371","2013","71","sou","","sou","","","","71","2013-10-04 00:00:00","2013-10-07 14:55:04","Viltmyndigheten, - jakt och viltförvaltning i en ny tid","","titel",""
"2894106","H1B372","2013","72","sou","","sou","","","","72","2013-10-09 00:00:00","2013-10-09 13:07:46","Ut ur skuldfällan","","titel",""
"2881929","H1B373","2013","73","sou","","sou","","","","73","2013-10-03 00:00:00","2013-10-07 13:44:07","En utvecklad budgetprocess - ökad tydlighet och struktur","","titel",""
"2894217","H1B374","2013","74","sou","","sou","","","","74","2013-10-10 00:00:00","2013-10-15 13:47:16","Unga som varken arbetar eller studerar - Statistik, stöd och samverkan","","titel",""
"2894218","H1B374EN","2013","74","sou","","sou","EN","","","74","2013-10-10 00:00:00","2013-10-15 13:47:16","Unga som varken arbetar eller studerar - Statistik, stöd och samverkan","","titel","H1B374"
"2894219","H1B374LL","2013","74","sou","","sou","LL","","","74","2013-10-10 00:00:00","2013-10-15 13:47:16","Unga som varken arbetar eller studerar - Statistik, stöd och samverkan, lättläst","","titel","H1B374"
"2896615","H1B375","2013","75","sou","","sou","","","","75","2013-11-04 00:00:00","2013-11-04 16:17:15","Organisering av framtidens e-förvaltning","","titel",""
"2896552","H1B376","2013","76","sou","","sou","","","","76","2013-10-31 00:00:00","2013-11-04 12:42:35","Svenska för invandrare, - valfrihet, flexibilitet och individanpassning","","titel",""
"2902313","H1B377","2013","77","sou","","sou","d1","","","77","2014-01-01 00:00:00","2014-01-02 13:13:24","sou 2013 77 d1","","DokTextExtraktor",""
"2902314","H1B377d2","2013","77","sou","","sou","d2","","","77","2014-01-01 00:00:00","2014-01-02 13:13:30","sou 2013 77 d2","","DokTextExtraktor","H1B377"
"2898618","H1B378","2013","78","sou","","sou","","","","78","2013-11-26 00:00:00","2013-11-26 12:23:46","Överskuldsättning i kreditsamhället","","titel",""
"2899528","H1B379","2013","79","sou","","sou","","","","79","2013-12-04 00:00:00","2013-12-05 10:30:25","Stärkt meddelarskydd för privatanställda i offentligt finansierad verksamhet","","titel",""
"2899900","H1B380","2013","80","sou","","sou","","","","80","2013-12-05 00:00:00","2013-12-11 08:30:17","Ett minskat och förenklat uppgiftslämnande för företagen","","titel",""
"2901424","H1B381","2013","81","sou","","sou","","","","81","2013-12-16 00:00:00","2013-12-18 08:53:29","När vi bryr oss - förslag om samverkan och utbildning för att effektivare förebygga våldsbejakande extremism","","titel",""
"2901762","H1B382","2013","82","sou","","sou","","","","82","2013-12-17 00:00:00","2013-12-18 09:03:36","Begravning - återvinning, nya begravningsmetoder och enhetlig begravningsavgiftssats","","titel",""
"2900365","H1B383","2013","83","sou","","sou","","","","83","2013-12-09 00:00:00","2014-01-09 09:50:44","En enkel till framtiden?","","titel",""
"2901500","H1B384","2013","84","sou","","sou","d1","","","84","2013-12-16 00:00:00","2013-12-16 13:49:39","sou 2013 84 d1","","DokTextExtraktor",""
"2901499","H1B384d2","2013","84","sou","","sou","d2","","","84","2013-12-16 00:00:00","2013-12-16 13:50:46","sou 2013 84 d2","","DokTextExtraktor","H1B384"
"2901989","H1B385","2013","85","sou","","sou","","","","85","2013-12-18 00:00:00","2013-12-19 10:43:40","Stärkt straffrättsligt skydd för egendom","","titel",""
"2902670","H1B387","2013","87","sou","","sou","","","","87","2014-01-01 00:00:00","2014-01-16 14:12:25","Starka tillsammans","","titel",""
"2834743","H1B39","2013","9","sou","","sou","","","","9","2013-01-30 00:00:00","2013-03-08 16:11:19","Riksbankens finansiella oberonde och balansrÃ¤kning","","hï¿½mtad",""
﻿"2902527","H2B31","2014","1","sou","","sou","","","","1","2014-01-13 00:00:00","2014-01-13 12:53:42","sou 2014 1 ","","DokTextExtraktor",""
"2924640","H2B310","2014","10","sou","","sou","","","","10","2014-02-28 00:00:00","2014-04-01 15:16:50","Ett steg vidare - nya regler och åtgärder för att främja vidareutnyttjande av handlingar","","titel",""
"2927715","H2B311","2014","11","sou","","sou","","","","11","2014-03-06 00:00:00","2014-04-01 15:16:50","Kunskapsläget på kärnavfallsområdet 2014","","titel",""
"2930870","H2B312","2014","12","sou","","sou","","","","12","2014-03-12 00:00:00","2014-04-01 15:16:50","Utvärdera för utveckling, - om utvärdering av skolpolitiska reformer","","titel",""
"2931522","H2B313","2014","13","sou","","sou","","","","13","2014-03-13 00:00:00","2014-04-01 15:16:50","En digital agenda i människans tjänst, - en ljusnande framtid kan bli vår","","titel",""
"2931523","H2B313d2","2014","13","sou","","sou","d2","","","13","2014-03-13 00:00:00","2014-04-01 15:16:50","En digital agenda i människans tjänst, - en ljusnande framtid kan bli vår, del 2","","titel","H2B313"
"2931964","H2B314","2014","14","sou","","sou","","","","14","2014-03-14 00:00:00","2014-04-01 15:16:50","Effektiv och rättssäker PBL-prövning","","titel",""
"2941575","H2B315","2014","15","sou","","sou","","","","15","2014-03-27 00:00:00","2014-04-01 15:16:50","Investeringsplanering för förvarsmaterial","","titel",""
"2942777","H2B316","2014","16","sou","","sou","","","","16","2014-03-28 00:00:00","2014-04-01 15:16:50","Det ska vara lätt att göra rätt, - Åtgärder mot felaktiga utbetalningar inom den arbetsmarknadspolitiska verksamheten","","titel",""
"2944258","H2B317","2014","17","sou","","sou","","","","17","2014-03-31 00:00:00","2014-04-01 15:16:50","Genomförande av Seveso III-direktivet","","titel",""
"2948928","H2B318","2014","18","sou","","sou","","","","18","2014-04-02 00:00:00","2014-04-03 15:01:08","Straffskalorna för allvarliga våldsbrott","","titel",""
"2954196","H2B319","2014","19","sou","","sou","","","","19","2014-04-10 00:00:00","2014-05-05 16:53:21","Yrkeskvalifikationsdirektivet, - ett samlat genomförande","","titel",""
"2903075","H2B32","2014","2","sou","","sou","","","","2","2014-01-16 00:00:00","2014-04-01 15:16:50","Framtidens valfrihetssystem - inom socialtjänsten","","titel",""
"2945901","H2B320","2014","20","sou","","sou","","","","20","2014-04-01 00:00:00","2014-04-04 15:19:19","Läkemedel för särskilda behov","","titel",""
"2954243","H2B321","2014","21","sou","","sou","","","","21","2014-04-10 00:00:00","2014-04-15 13:48:06","Bredband för Sverige in i framtiden","","titel",""
"2961792","H2B322","2014","22","sou","","sou","","","","22","2014-04-25 00:00:00","2014-05-02 08:47:59","Genomförande av EU:s nya redovisningsdirektiv","","titel",""
"2960248","H2B324","2014","24","sou","","sou","","","","24","2014-04-23 00:00:00","2014-04-23 15:58:13","sou 2014 24 ","","felkonverterat",""
"2961725","H2B325","2014","25","sou","","sou","","","","25","2014-04-25 00:00:00","2014-04-28 12:45:33","Internationella rättsförhållanden rörande arv","","titel",""
"2973963","H2B327","2014","27","sou","","sou","d1","","","27","2014-05-07 00:00:00","2014-05-07 14:44:49","Svensk veteranpolitik - ett ansvar för hela samhället, del 1","","titel",""
"2973964","H2B327d2","2014","27","sou","","sou","d2","","","27","2014-05-07 00:00:00","2014-05-07 14:44:49","Svensk veteranpolitik - ett ansvar för hela samhället, del 2","","titel","H2B327"
"2982979","H2B329","2014","29","sou","","sou","","","","29","2014-05-16 00:00:00","2014-05-19 08:39:14","Assisterad befruktning för ensamstående kvinnor","","titel",""
"3059130","H2B330","2014","30","sou","","sou","","","","30","2014-10-08 00:00:00","2014-10-09 10:18:49","Jämställt arbete?, Organisatoriska ramar och villkor i arbetslivet","","titel",""
"2987018","H2B331","2014","31","sou","","sou","","","","31","2014-05-20 00:00:00","2014-05-22 09:22:03","Visselblåsare - Stärkt skydd för arbetstagare som slår larm om allvarliga missförhållanden","","titel",""
"3025009","H2B332","2014","32","sou","","sou","","","","32","2014-06-12 00:00:00","2014-06-23 13:03:52","Jordbruks- och bostadsarrende, - några frågor om arrendeavgift och besittningsskydd","","titel",""
"3003968","H2B333","2014","33","sou","","sou","","","","33","2014-06-04 00:00:00","2014-06-10 13:43:01","Från hyresrätt till äganderätt","","titel",""
"3059129","H2B334","2014","34","sou","","sou","","","","34","2014-10-08 00:00:00","2014-10-09 10:29:00","Inte bara jämställdhet, Intersektionella perspektiv på hinder och möjligheter i arbetslivet","","titel",""
"3003932","H2B335","2014","35","sou","","sou","","","","35","2014-06-04 00:00:00","2014-06-04 12:18:55","I vått och torrt, - förslag till ändrade vattenrättsliga regler","","titel",""
"3021667","H2B337","2014","37","sou","","sou","","","","37","2014-06-11 00:00:00","2014-06-13 06:56:07","De svenska energimarknaderna - en samhällsekonomisk analys","","titel",""
"3006677","H2B338","2014","38","sou","","sou","","","","38","2014-06-05 00:00:00","2014-06-09 08:10:31","Tillväxt och värdeskapande - Konkurrenskraft i svenskt jordbruk och trädgårdsnäring","","titel",""
"3039903","H2B339","2014","39","sou","","sou","","","","39","2014-06-18 00:00:00","2014-06-26 13:33:31","Så enkelt som möjligt för så många som möjligt, Bättre juridiska förutsättningar för samverkan och service","","titel",""
"2910794","H2B34","2014","4","sou","","sou","","","","4","2014-02-03 00:00:00","2014-04-01 15:16:50","Det måste gå att lita på konsumentskyddet","","titel",""
"3024774","H2B340","2014","40","sou","","sou","d1","","","40","2014-06-12 00:00:00","2014-06-13 08:48:05","Neutral bolagsskatt, - för ökad effektivitet och stabilitet, del 1","","titel",""
"3024775","H2B340d2","2014","40","sou","","sou","d2","","","40","2014-06-12 00:00:00","2014-06-13 08:48:05","Neutral bolagsskatt, - för ökad effektivitet och stabilitet, del 2","","titel","H2B340"
"3024776","H2B340en","2014","40","sou","","sou","en","","","40","2014-06-12 00:00:00","2014-06-13 08:48:05","Neutral bolagsskatt, - för ökad effektivitet och stabilitet, english","","titel","H2B340"
"3037218","H2B341","2014","41","sou","","sou","","","","41","2014-06-17 00:00:00","2014-06-23 13:03:52","Nya regler om aktiva åtgärder mot diskriminering","","titel",""
"3034813","H2B342","2014","42","sou","","sou","","","","42","2014-06-16 00:00:00","2014-06-17 10:13:22","Kärnavfallsrådets yttrande över SKB:s Fud-program 2013","","titel",""
"3052334","H2B343","2014","43","sou","","sou","","","","43","2014-06-23 00:00:00","2014-06-26 13:33:31","Synnerligen grova narkotikabrott","","titel",""
"3052207","H2B344","2014","44","sou","","sou","","","","44","2014-06-23 00:00:00","2014-06-23 10:41:27","F-skuldsanering - en möjlighet till nystart för seriösa företagare","","titel",""
"3055604","H2B345","2014","45","sou","","sou","","","","45","2014-06-25 00:00:00","2014-06-27 10:51:04","Unik kunskap genom registerforskning","","DokTextExtraktor",""
"3056169","H2B346","2014","46","sou","","sou","","","","46","2014-06-27 00:00:00","2014-06-27 10:51:37","Marknadsmissbruk II","","DokTextExtraktor",""
"3056162","H2B347","2014","47","sou","","sou","","","","47","2014-06-27 00:00:00","2014-06-27 10:52:03","Förbättrad tvistlösning på konsumentområdet","","DokTextExtraktor",""
"3056163","H2B347d2","2014","47","sou","","sou","d2","","","47","2014-06-27 00:00:00","2014-06-27 10:52:50","Frågor och svar - Konsumenttvistutredningen","","DokTextExtraktor","H2B347"
"3056039","H2B348","2014","48","sou","","sou","","","","48","2014-06-26 00:00:00","2014-06-27 06:42:03","Registerutdrag i arbetslivet","","titel",""
"3056209","H2B349","2014","49","sou","","sou","","","","49","2014-06-27 00:00:00","2014-06-27 17:48:07","Våld i nära relationer - en folkhälsofråga","","DokTextExtraktor",""
"3056210","H2B349d2","2014","49","sou","","sou","d2","","","49","2014-06-27 00:00:00","2014-06-27 17:48:37","Utveckla lokalsamhällets arbete mot våld i nära relationer","","DokTextExtraktor","H2B349"
"2914266","H2B35","2014","5","sou","","sou","","","","5","2014-02-10 00:00:00","2014-04-01 15:16:50","Staten får inte abdikera, - om kommunaliseringen av den svenska skolan","","titel",""
"3055525","H2B350","2014","50","sou","","sou","","","","50","2014-06-24 00:00:00","2014-06-27 10:50:34","Med miljömålen i fokus - hållbar användning av mark och vatten","","DokTextExtraktor",""
"3056262","H2B351","2014","51","sou","","sou","","","","51","2014-07-03 00:00:00","2014-07-04 12:31:42","Nya regler om upphandling","","titel",""
"3056265","H2B352","2014","52","sou","","sou","d1","","","52","2014-07-03 00:00:00","2014-07-18 10:05:58","Resolution, En ny metod för att hantera banker i kris, del 1","","titel",""
"3056266","H2B352d2","2014","52","sou","","sou","d2","","","52","2014-07-03 00:00:00","2014-07-18 10:05:58","Resolution, En ny metod för att hantera banker i kris, del 2","","titel","H2B352"
"3056440","H2B353","2014","53","sou","","sou","","","","53","2014-07-30 00:00:00","2014-08-08 13:01:46","Material i kontakt med dricksvatten","","titel",""
"3056367","H2B354","2014","54","sou","","sou","","","","54","2014-07-15 00:00:00","2014-07-18 10:05:58","Vildsvin och viltskador","","titel",""
"3056394","H2B355","2014","55","sou","","sou","","","","55","2014-07-18 00:00:00","2014-07-18 16:02:32","Inhyrning och företrädesrätt till återanställning","","titel",""
"3056606","H2B356","2014","56","sou","","sou","","","","56","2014-08-27 00:00:00","2014-09-05 08:07:17","Genomförande av Omnibus II-direktivet","","titel",""
"3056605","H2B357","2014","57","sou","","sou","","","","57","2014-08-27 00:00:00","2014-09-05 08:07:17","En ny reglering för tjänstepensionsföretag","","titel",""
"3056368","H2B358","2014","58","sou","","sou","","","","58","2014-07-15 00:00:00","2014-07-18 10:05:58","Privat införsel av alkoholdrycker","","titel",""
"3056502","H2B359","2014","59","sou","","sou","","","","59","2014-08-14 00:00:00","2014-09-25 10:42:24","Bostadsförsörjning och riksintressen","","titel",""
"2915571","H2B36","2014","6","sou","","sou","d1","","","6","2014-02-13 00:00:00","2014-04-01 15:16:50","Män och jämställdhet, del 1","","titel",""
"3056683","H2B360","2014","60","sou","","sou","","","","60","2014-09-04 00:00:00","2014-09-12 07:09:42","Tillförlitligare kreditupplysningar","","titel",""
"3158412","H2B361","2014","61","sou","","sou","d1","","","61","2014-11-28 00:00:00","2014-11-28 15:46:05","sou 2014 61 d1","","DokTextExtraktor",""
"3158411","H2B361d2","2014","61","sou","","sou","d2","","","61","2014-11-28 00:00:00","2014-11-28 15:46:06","sou 2014 61 d2","","DokTextExtraktor","H2B361"
"3056630","H2B362","2014","62","sou","","sou","","","","62","2014-08-29 00:00:00","2014-09-05 08:07:17","Förbättrat förhandsbeskedsinstitut","","titel",""
"3056718","H2B363","2014","63","sou","","sou","","","","63","2014-09-05 00:00:00","2014-09-12 07:09:42","Organiserad brottlighet","","titel",""
"3056922","H2B365","2014","65","sou","","sou","","","","65","2014-09-23 00:00:00","2014-09-24 08:13:33","Försvarsmaktens behov av flygtrafiktjänst","","titel",""
"3056651","H2B366","2014","66","sou","","sou","","","","66","2014-09-01 00:00:00","2014-09-12 07:19:53","Myndigheter och organisationer under Miljödepartementet - en kartläggning","","titel",""
"3056722","H2B367","2014","67","sou","","sou","","","","67","2014-09-19 00:00:00","2014-09-22 12:02:21","Inbyggd integritet inom inspektionen för socialförsäkringen","","titel",""
"3059267","H2B368","2014","68","sou","","sou","","","","68","2014-10-08 00:00:00","2014-10-09 10:29:00","Förenklade skatteregler, för enskilda näringsidkare och fysiska personer som är delägare i handelsbolag","","titel",""
"3057998","H2B369","2014","69","sou","","sou","","","","69","2014-10-02 00:00:00","2014-10-03 09:25:03","En lag om upphandling av koncessioner","","titel",""
"2915572","H2B36d2","2014","6","sou","","sou","d2","","","6","2014-02-13 00:00:00","2014-04-01 15:16:50","Män och jämställdhet, del 2","","titel","H2B36"
"2916027","H2B37","2014","7","sou","","sou","","","","7","2014-02-14 00:00:00","2014-04-01 15:16:50","Skärpta straff för vapenbrott","","titel",""
"3080630","H2B370","2014","70","sou","","sou","","","","70","2014-10-15 00:00:00","2014-10-17 12:35:55","Ändrade informationskrav på värdepappersmarknaden","","titel",""
"3081191","H2B371","2014","71","sou","","sou","","","","71","2014-10-17 00:00:00","2014-10-20 10:00:05","Ett jämställt samhälle fritt från våld","","titel",""
"3110043","H2B372","2014","72","sou","","sou","","","","72","2014-11-05 00:00:00","2014-11-06 09:42:17","Handel med begagnade varor och med skrot","","titel",""
"3115703","H2B373","2014","73","sou","","sou","","","","73","2014-11-14 00:00:00","2014-11-17 10:05:20","Försvarsmakten i samhället, - en långsiktigt hållbar militär personalförsörjning och en modern folkförankring av försvaret","","titel",""
"3132073","H2B374","2014","74","sou","","sou","","","","74","2014-11-21 00:00:00","2014-11-24 06:31:15","Jämställdhet i socialförsäkringen?","","titel",""
"3157968","H2B376","2014","76","sou","","sou","","","","76","2014-11-28 00:00:00","2014-12-01 08:29:10","Fortsatt utveckling av förvaltningsprocessen","","titel",""
"3168500","H2B377","2014","77","sou","","sou","","","","77","2014-12-01 00:00:00","2014-12-01 16:18:09","Från analog till digital marksänd radio","","titel",""
"3168499","H2B378","2014","78","sou","","sou","","","","78","2014-12-01 00:00:00","2014-12-02 08:15:43","Ersättning för s.k. dold mervärdesskatt vid upphandling av luftburen ambulanssjukvård","","titel",""
"2917288","H2B38","2014","8","sou","","sou","","","","8","2014-02-17 00:00:00","2014-04-01 15:16:50","Översyn av statsskuldspolitiken","","titel",""
"3170948","H2B380","2014","80","sou","","sou","","","","80","2014-12-02 00:00:00","2014-12-03 07:54:44","Ökad medvetenhet men långsam förändring - om kvinnor och män på ledande positioner i svenskt näringsliv","","titel",""
"3170947","H2B381","2014","81","sou","","sou","","","","81","2014-12-02 00:00:00","2014-12-03 07:54:44","Yrke, karriär och lön -kvinnors och mäns olika villkor på den svenska arbetsmarknaden","","titel",""
"3212714","H2B382","2014","82","sou","","sou","","","","82","2014-12-16 00:00:00","2014-12-17 08:12:53","Nya bestämmelser om säkerhetsutredning av olyckor","","titel",""
"3217808","H2B383","2014","83","sou","","sou","","","","83","2014-12-18 00:00:00","2015-01-02 12:21:24","Sanktionsväxling, - effektivare sanktioner på exportkontrollområdet","","titel",""
"3193358","H2B384","2014","84","sou","","sou","d1","","","84","2014-12-09 00:00:00","2015-01-02 12:21:24","Planera för effekt!, slutbetänkande från Samordningsrådet för smarta elnät, , del 1","","titel",""
"3193357","H2B384d2","2014","84","sou","","sou","d2","","","84","2014-12-09 00:00:00","2015-01-02 12:21:24","Planera för effekt!, slutbetänkande från Samordningsrådet för smarta elnät, , del 2","","titel","H2B384"
"3193356","H2B384d3","2014","84","sou","","sou","d3","","","84","2014-12-09 00:00:00","2015-01-02 12:21:24","Planera för effekt!, slutbetänkande från Samordningsrådet för smarta elnät, , del 3","","titel","H2B384"
"3193355","H2B384d4","2014","84","sou","","sou","d4","","","84","2014-12-09 00:00:00","2015-01-02 12:21:24","Planera för effekt!, slutbetänkande från Samordningsrådet för smarta elnät, , del 4","","titel","H2B384"
"3218571","H2B385","2014","85","sou","","sou","","","","85","2014-12-18 00:00:00","2014-12-19 07:58:14","Telefonförsäljning av finansiella tjänster och produkter","","titel",""
"3220585","H2B386","2014","86","sou","","sou","","","","86","2014-12-19 00:00:00","2014-12-19 09:30:03","Rättvisans pris","","titel",""
"3220958","H2B387","2014","87","sou","","sou","","","","87","2014-12-19 00:00:00","2015-01-02 12:21:24","Läkemedel för djur, maskinell dos och sällsynta tillstånd, - hantering och prissättning","","titel",""
"3277703","H2B388","2014","88","sou","","sou","","","","88","2015-01-01 00:00:00","2015-01-09 07:53:35","Luftförsvarsutredningen 2040","","titel",""
"2919670","H2B39","2014","9","sou","","sou","","","","9","2014-02-21 00:00:00","2014-04-01 15:16:50","Förändrad assistansersättning","","titel",""
"3304455","H2B390","2014","90","sou","","sou","","","","90","2015-01-01 00:00:00","2015-01-16 08:21:58","Bisfenol A","","titel",""
"3337104","H2B391","2014","91","sou","","sou","","","","91","2015-01-01 00:00:00","2015-01-26 11:43:13","Viktigt meddelande till allmänheten via mobil telefoni","","titel",""
"3272959","H2B392","2014","92","sou","","sou","","","","92","2015-01-01 00:00:00","2015-01-26 11:53:24","Viktigt meddelande till allmänheten via mobil telefoni","","titel",""
