"0","H8B31","2020","1","sou","","sou","","","","1","2020-01-15 00:00:00","2020-01-15 17:34:28","Översyn av yrket personlig assistent - ett viktigt yrke som förtjänar bra villkor","","",""
"0","H8B310","2020","10","sou","","sou","","","","10","2020-02-28 00:00:00","2020-02-28 13:48:21","Stärkt lokalt åtgärdsarbete - att nå målet Ingen övergödning","","",""
"0","H8B311","2020","11","sou","","sou","","","","11","2020-03-09 00:00:00","2020-03-09 08:39:51","Kompletterande bestämmelser till EU:s förordning om utländska direktinvesteringar","","",""
"0","H8B312","2020","12","sou","","sou","","","","12","2020-03-09 00:00:00","2020-03-09 17:28:09","Nya kapitaltäckningsregler för värdepappersbolag","","",""
"0","H8B313","2020","13","sou","","sou","","","","13","2020-03-05 00:00:00","2020-03-05 12:44:13","Att kriminalisera överträdelser av EU-förordningar","","",""
"0","H8B314","2020","14","sou","","sou","","","","14","2020-03-11 00:00:00","2020-03-11 14:07:17","Framtidens teknik i omsorgens tjänst","","",""
"0","H8B315","2020","15","sou","","sou","","","","15","2020-04-23 00:00:00","2020-04-23 09:10:47","Strukturförändring och investering i hälso- och sjukvården","","",""
"0","H8B316","2020","16","sou","","sou","","","","16","2020-04-01 00:00:00","2020-04-01 08:38:34","Ett effektivare regelverk för utlänningsärenden med säkerhetsaspekter","","",""
"0","H8B317","2020","17","sou","","sou","","","","17","2020-04-01 00:00:00","2020-04-01 08:38:49","Grönt sparande","","",""
"0","H8B318","2020","18","sou","","sou","","","","18","2020-03-31 00:00:00","2020-03-31 11:04:21","Framtidens järnvägsunderhåll","","",""
"0","H8B32","2020","2","sou","","sou","","","","2","2020-01-15 00:00:00","2020-01-15 17:34:44","Skärpta regler om utländska månggiften","","",""
"0","H8B320","2020","20","sou","","sou","","","","20","2020-04-01 00:00:00","2020-05-27 08:41:52","Skatt på modet - för att få bort skadliga kemikalier","","",""
"0","H8B321","2020","21","sou","","sou","","","","21","2020-04-15 00:00:00","2020-04-15 17:29:04","Sveriges museum om Förintelsen","","",""
"0","H8B322","2020","22","sou","","sou","","","","22","2020-04-29 00:00:00","2020-04-29 15:51:59","Motorfordonspooler - på väg mot ökad delning av motorfordon","","",""
"0","H8B323","2020","23","sou","","sou","","","","23","2020-04-02 00:00:00","2020-04-02 18:12:44","Hälso- och sjukvård i det civila försvaret - underlag till försvarspolitisk inriktning","","",""
"0","H8B324","2020","24","sou","","sou","","","","24","2021-01-01 00:00:00","2021-01-21 16:39:54","Tillsammans för en välfungerande sjukskrivnings- och rehabiliteringsprocess","","",""
"0","H8B325","2020","25","sou","","sou","","","","25","2020-04-28 00:00:00","2020-04-28 16:17:11","Ett nationellt biljettsystem för all kollektivtrafik ","","",""
"0","H8B326","2020","26","sou","","sou","","","","26","2020-04-29 00:00:00","2020-04-29 15:51:21","En sjukförsäkring anpassad efter individen ","","",""
"0","H8B327","2020","27","sou","","sou","","","","27","2020-05-08 00:00:00","2020-05-08 18:44:45","Högre växel i minoritetspolitiken - Stärkt samordning och uppföljning ","","",""
"0","H8B328","2020","28","sou","","sou","","","","28","2020-04-27 00:00:00","2020-04-27 16:39:54","En mer likvärdig skola - minskad skolsegregation och förbättrad resurstilldelning","","",""
"0","H8B329","2020","29","sou","","sou","","","","29","2020-05-27 00:00:00","2020-05-27 08:43:16","En ny myndighet för att stärka det psykologiska försvaret ","","",""
"0","H8B33","2020","3","sou","","sou","","","","3","2020-01-17 00:00:00","2020-01-17 15:31:43","Hållbar slamhantering","","",""
"0","H8B330","2020","30","sou","","sou","","","","30","2020-06-02 00:00:00","2020-06-02 13:39:43","En moderniserad arbetsrätt ","","",""
"0","H8B331","2020","31","sou","","sou","","","","31","2020-06-02 00:00:00","2020-06-02 13:40:32","En ny mervärdesskattelag ","","",""
"0","H8B331d2","2020","31","sou","","sou","d2","","","31","2020-06-02 00:00:00","2020-06-02 13:41:30","En ny mervärdesskattelag, del 2","","","H8B331"
"0","H8B332","2020","32","sou","","sou","","","","32","2020-06-05 00:00:00","2020-06-05 15:11:48","Grundpension Några anslutande frågor","","",""
"0","H8B333","2020","33","sou","","sou","","","","33","2020-06-08 00:00:00","2020-06-08 16:36:06","Gemensamt ansvar - en modell för planering och dimensionering av gymnasial utbildning ","","",""
"0","H8B334","2020","34","sou","","sou","","","","34","2020-06-12 00:00:00","2020-06-12 15:22:16","Stärkt kvalitet och likvärdighet i fritidshem och pedagogisk omsorg","","",""
"0","H8B335","2020","35","sou","","sou","","","","35","2020-06-08 00:00:00","2020-06-08 16:35:32","Kontroll för ökad tilltro - en ny myndighet för att förebygga, förhindra och upptäcka felaktiga utbetalningar från välfärdssystemen","","",""
"0","H8B336","2020","36","sou","","sou","","","","36","2020-06-24 00:00:00","2020-06-24 15:53:19","Ett nationellt sammanhållet system för kunskapsbaserad vård - ett system, många möjligheter","","",""
"0","H8B337","2020","37","sou","","sou","","","","37","2020-06-17 00:00:00","2020-06-17 13:46:59","Ett nytt regelverk för arbetslöshetsförsäkringen ","","",""
"0","H8B338","2020","38","sou","","sou","","","","38","2020-06-29 00:00:00","2020-06-29 12:55:16","Ökad trygghet för visselblåsare","","",""
"0","H8B339","2020","39","sou","","sou","","","","39","2020-06-30 00:00:00","2020-06-30 17:02:01","Kärnavfallsrådets yttrande över SKB:s Fud-program 2019","","",""
"0","H8B34","2020","4","sou","","sou","","","","4","2020-01-29 00:00:00","2020-01-29 16:46:19","Vägen till en klimatpositiv framtid ","","",""
"0","H8B340","2020","40","sou","","sou","","","","40","2020-06-24 00:00:00","2020-06-24 15:58:03","En gemensam utbildning inom statsförvaltningen","","",""
"0","H8B341","2020","41","sou","","sou","","","","41","2020-06-26 00:00:00","2020-06-26 10:24:27","Kommuner som utförare av tjänster åt Arbetsförmedlingen - en analys av de rättsliga förutsättningarna","","",""
"0","H8B342","2020","42","sou","","sou","","","","42","2020-06-26 00:00:00","2020-06-26 10:24:44","En annan möjlighet till särskilt stöd - Reglering av kommunala resursskolor","","",""
"0","H8B343","2020","43","sou","","sou","","","","43","2020-08-20 00:00:00","2020-08-20 09:37:15","Bygga, bedöma, betygssätta - betyg som bättre motsvarar elevernas kunskaper ","","",""
"0","H8B344","2020","44","sou","","sou","","","","44","2020-08-20 00:00:00","2020-08-20 09:35:20","Grundlagsskadestånd - ett rättighetsskydd för enskilda","","",""
"0","H8B345","2020","45","sou","","sou","","","","45","2020-08-20 00:00:00","2020-08-20 09:36:35","Ett ändamålsenligt skydd för tryck- och yttrandefriheten","","",""
"0","H8B346","2020","46","sou","","sou","","","","46","2020-08-07 00:00:00","2020-08-17 09:21:52","En gemensam angelägenhet","","",""
"0","H8B346d2","2020","46","sou","","sou","d2","","","46","2020-08-07 00:00:00","2020-08-07 09:59:28","En gemensam angelägenhet, del 2","","","H8B346"
"0","H8B347","2020","47","sou","","sou","","","","47","2020-08-26 00:00:00","2020-08-26 16:16:20","Hållbar socialtjänst - En ny socialtjänstlag ","","",""
"0","H8B347d2","2020","47","sou","","sou","d2","","","47","2020-08-26 00:00:00","2020-08-26 16:17:21","Hållbar socialtjänst - En ny socialtjänstlag, del 2","","","H8B347"
"0","H8B348","2020","48","sou","","sou","","","","48","2020-08-11 00:00:00","2020-08-11 09:18:01","Skatt på engångsartiklar ","","",""
"0","H8B349","2020","49","sou","","sou","","","","49","2020-09-01 00:00:00","2020-09-01 10:51:42","Enhetlig och effektiv marknadskontroll ","","",""
"0","H8B35","2020","5","sou","","sou","","","","5","2020-01-31 00:00:00","2020-01-31 13:03:21","Fler ruttjänster och höjt tak för rutavdraget","","",""
"0","H8B350","2020","50","sou","","sou","","","","50","2020-09-02 00:00:00","2020-09-02 16:15:12","Enklare skatteregler för enskilda näringsidkare","","",""
"0","H8B351","2020","51","sou","","sou","","","","51","2020-09-02 00:00:00","2020-09-02 16:30:27","En ny lag om konsumentskydd vid köp och vissa andra avtal ","","",""
"0","H8B352","2020","52","sou","","sou","","","","52","2020-09-16 00:00:00","2020-09-16 17:56:08","Rutavdrag för äldre","","",""
"0","H8B353","2020","53","sou","","sou","","","","53","2020-09-02 00:00:00","2020-09-02 16:30:59","Personuppgiftsbehandling vid antalsberäkning inför klinisk forskning","","",""
"0","H8B354","2020","54","sou","","sou","","","","54","2020-09-16 00:00:00","2020-12-07 11:18:08","En långsiktigt hållbar migrationspolitik","","",""
"0","H8B355","2020","55","sou","","sou","","","","55","2020-09-15 00:00:00","2020-09-15 14:23:34","Innovation genom information ","","",""
"0","H8B356","2020","56","sou","","sou","","","","56","2020-09-30 00:00:00","2020-09-30 14:18:33","Det demokratiska samtalet i en digital tid - Så stärker vi motståndskraften mot desinformation, propaganda och näthat","","",""
"0","H8B357","2020","57","sou","","sou","","","","57","2020-10-08 00:00:00","2020-10-08 10:55:23","Ett särskilt hedersbrott","","",""
"0","H8B358","2020","58","sou","","sou","","","","58","2020-09-30 00:00:00","2020-09-30 16:35:20","EU:s cybersäkerhetsakt - kompletterande nationella bestämmelser om cybersäkerhetscertifiering ","","",""
"0","H8B359","2020","59","sou","","sou","","","","59","2020-10-19 00:00:00","2020-10-19 09:46:42","Innovation som drivkraft - från forskning till nytta ","","",""
"0","H8B36","2020","6","sou","","sou","","","","6","2020-01-31 00:00:00","2020-01-31 15:36:35","En begriplig och trygg sjukförsäkring","","",""
"0","H8B360","2020","60","sou","","sou","","","","60","2020-11-03 00:00:00","2020-11-03 11:30:56","Det skatterättsliga företrädaransvaret - en översyn ","","",""
"0","H8B361","2020","61","sou","","sou","","","","61","2020-11-05 00:00:00","2020-11-05 09:55:07","Ändrade regler om säkerställda obligationer","","",""
"0","H8B362","2020","62","sou","","sou","","","","62","2020-11-12 00:00:00","2020-11-12 16:52:31","En samlad djurhälsoreglering ","","",""
"0","H8B362d2","2020","62","sou","","sou","d2","","","62","2020-11-12 00:00:00","2020-11-12 16:53:18","En samlad djurhälsoreglering, del 2","","","H8B362"
"0","H8B363","2020","63","sou","","sou","","","","63","2020-11-12 00:00:00","2020-11-12 17:04:07","Barnkonventionen och svensk rätt ","","",""
"0","H8B363d2","2020","63","sou","","sou","d2","","","63","2020-11-12 00:00:00","2020-11-12 17:07:16","Barnkonventionen och svensk rätt, del 2","","","H8B363"
"0","H8B363d3","2020","63","sou","","sou","d3","","","63","2020-11-12 00:00:00","2020-11-12 17:29:37","Barnkonventionen och svensk rätt, del 3","","","H8B363"
"0","H8B364","2020","64","sou","","sou","","","","64","2020-10-29 00:00:00","2020-11-03 11:32:26","Hästnäringens finansiering på den omreglerade spelmarknaden","","",""
"0","H8B365","2020","65","sou","","sou","","","","65","2020-11-03 00:00:00","2020-11-03 11:29:41","55 år och karensval ","","",""
"0","H8B366","2020","66","sou","","sou","","","","66","2020-12-02 00:00:00","2020-12-02 16:26:47","Samverkande krafter - för stärkt kvalitet och likvärdighet inom komvux för elever med svenska som andraspråk ","","",""
"0","H8B367","2020","67","sou","","sou","","","","67","2020-11-23 00:00:00","2020-11-23 15:37:56","Förskola för alla barn - för bättre språkutveckling i svenska ","","",""
"0","H8B368","2020","68","sou","","sou","","","","68","2020-11-27 00:00:00","2020-11-27 08:59:38","Försvarets radioanstalts internationella samarbete - en översyn av regelverket","","",""
"0","H8B369","2020","69","sou","","sou","","","","69","2021-01-01 00:00:00","2021-01-21 16:40:48","Äldre har aldrig varit yngre - allt fler kan och vill arbeta längre","","",""
"0","H8B37","2020","7","sou","","sou","","","","7","2020-02-11 00:00:00","2020-02-11 17:30:51","Brott mot djur - Skärpta straff och ett mer effektivt sanktionssystem","","",""
"0","H8B370","2020","70","sou","","sou","","","","70","2020-11-27 00:00:00","2020-11-27 17:34:36","Fast omsorgskontakt i hemtjänsten","","",""
"0","H8B371","2020","71","sou","","sou","","","","71","2020-12-02 00:00:00","2020-12-02 16:25:40","Utvinning ur alunskiffer - Kunskapssammanställning om miljörisker och förslag till skärpning av regelverket ","","",""
"0","H8B372","2020","72","sou","","sou","","","","72","2020-12-09 00:00:00","2020-12-09 16:38:46","Producentansvar för textil - en del av den cirkulära ekonomin ","","",""
"0","H8B373","2020","73","sou","","sou","","","","73","2020-11-30 00:00:00","2020-11-30 16:47:11","Stärkt äganderätt, flexibla skyddsformer och naturvård i skogen","","","H8B373d2"
"0","H8B373d2","2020","73","sou","","sou","d2","","","73","2020-11-30 00:00:00","2020-11-30 16:47:04","Stärkt äganderätt, flexibla skyddsformer och naturvård i skogen, del 2.1","","",""
"0","H8B373d3","2020","73","sou","","sou","d3","","","73","2020-11-30 00:00:00","2020-11-30 16:47:29","Stärkt äganderätt, flexibla skyddsformer och naturvård i skogen, del 2.2","","","H8B373d2"
"0","H8B374","2020","74","sou","","sou","","","","74","2020-12-15 00:00:00","2020-12-15 16:14:16","En europeisk åklagarmyndighet i Sverige","","",""
"0","H8B375","2020","75","sou","","sou","","","","75","2020-12-11 00:00:00","2020-12-11 16:41:10","Bygg och bo till lägre kostnad - förslag för bättre konkurrens i bostadsbyggandet","","",""
"0","H8B376","2020","76","sou","","sou","","","","76","2020-12-15 00:00:00","2020-12-15 13:57:17","Funktionalitet och enhetlighet - hyresmodell för fem kulturinstitutioners huvudbyggnader ","","",""
"0","H8B377","2020","77","sou","","sou","","","","77","2020-12-14 00:00:00","2020-12-14 15:05:53","Ökat skydd och stärkt reglering på den omreglerade spelmarknaden ","","",""
"0","H8B378","2020","78","sou","","sou","","","","78","2020-12-14 00:00:00","2020-12-14 13:29:03","Tillgängliga stränder - ett mer differentierat strandskydd","","",""
"0","H8B379","2020","79","sou","","sou","","","","79","2020-12-15 00:00:00","2020-12-15 15:56:58","Effektivare tillsyn över diskrimineringslagen - aktiva åtgärder och det skollagsreglerade området ","","",""
"0","H8B38","2020","8","sou","","sou","","","","8","2020-02-19 00:00:00","2020-02-19 16:43:31","Starkare kommuner - med kapacitet att klara välfärdsuppdraget","","",""
"0","H8B380","2020","80","sou","","sou","","","","80","2020-12-15 00:00:00","2020-12-15 15:58:40","Äldreomsorgen under pandemin ","","",""
"0","H8B381","2020","81","sou","","sou","","","","81","2020-12-15 00:00:00","2020-12-15 16:15:13","Genomförande av balansdirektivet - balans mellan arbete och privatliv för föräldrar och anhörigvårdare ","","",""
"0","H8B382","2020","82","sou","","sou","","","","82","2020-12-30 00:00:00","2020-12-30 12:00:52","Avgifter för information i elektronisk form","","",""
"0","H8B383","2020","83","sou","","sou","","","","83","2021-01-01 00:00:00","2021-01-15 16:26:47","Havet och människan ","","",""
"0","H8B383d2","2020","83","sou","","sou","d2","","","83","2021-01-01 00:00:00","2021-01-15 16:28:01","Havet och människa, del 2","","","H8B383"
"0","H8B39","2020","9","sou","","sou","","","","9","2020-02-21 00:00:00","2020-02-21 14:29:19","Kunskapsläget på kärnavfallsområdet 2020","","",""
"0","H9B310","2021","10","sou","","sou","","","","10","2022-01-01 00:00:00","2022-01-19 16:23:14","Radiologiska skador - skadestånd, säkerheter, skadereglering ","","",""
"0","H9B3100","2021","100","sou","","sou","","","","100","2022-01-01 00:00:00","2022-01-14 17:02:26","Ny förverkandelagstiftning ","","",""
"0","H9B3101","2021","101","sou","","sou","","","","101","2022-01-19 00:00:00","2022-08-05 13:40:49","Träffsäkert - Införande av månadsuppgifter i bostadsbidraget och underhållsstödet - Del 1","","",""
"0","H9B3101d2","2021","101","sou","","sou","d2","","","101","2022-01-19 00:00:00","2022-08-05 13:41:21","Träffsäkert - Ett nytt bostads- och familjestöd (Bofast) och statlig underhållsreglering - Del 2","","","H9B3101"
"0","H9B3102","2021","102","sou","","sou","","","","102","2022-01-01 00:00:00","2022-01-26 12:47:12","E-recept inom EES ","","",""
"0","H9B3103","2021","103","sou","","sou","","","","103","2022-01-01 00:00:00","2022-01-14 17:01:37","Totalförsvarsanalys - en oberoende myndighet för uppföljning och utvärdering ","","",""
"0","H9B311","2021","11","sou","","sou","","","","11","2022-01-01 00:00:00","2022-01-19 16:55:19","Bättre möjligheter för elever att nå kunskapskraven - aktivt stöd- och elevhälsoarbete samt stärkt utbildning för elever med intellektuell funktionsnedsättning ","","",""
"0","H9B312","2021","12","sou","","sou","","","","12","2022-01-01 00:00:00","2022-01-19 16:54:34","Andra chans för krisande företag - En ny lag om företagsrekonstruktion ","","",""
"0","H9B313","2021","13","sou","","sou","","","","13","2021-03-19 00:00:00","2021-03-24 16:33:55","En teknikneutral grundlagsbestämmelse för regeringsbeslut ","","",""
"0","H9B314","2021","14","sou","","sou","","","","14","2021-03-24 00:00:00","2021-03-24 16:29:35","Boende på (o)lika villkor - merkostnader i bostad med särskild service för vuxna enligt LSS ","","",""
"0","H9B315","2021","15","sou","","sou","","","","15","2021-03-17 00:00:00","2021-03-24 16:32:31","Föreningsfrihet och terroristorganisationer ","","",""
"0","H9B316","2021","16","sou","","sou","","","","16","2021-03-26 00:00:00","2021-03-30 09:16:32","En väl fungerande ordning för val och beslutsfattande i kommuner och regioner","","",""
"0","H9B317","2021","17","sou","","sou","","","","17","2021-03-31 00:00:00","2021-04-01 08:38:46","Ett moderniserat konsumentskydd ","","",""
"0","H9B318","2021","18","sou","","sou","","","","18","2021-03-31 00:00:00","2021-04-01 08:37:49","Bolags rörlighet över gränserna ","","",""
"0","H9B318d2","2021","18","sou","","sou","d2","","","18","2021-03-31 00:00:00","2021-04-01 08:38:07","Bolags rörlighet över gränserna, del 2","","","H9B318"
"0","H9B319","2021","19","sou","","sou","","","","19","2021-03-31 00:00:00","2021-04-01 08:36:49","En stärkt försörjningsberedskap för hälso- och sjukvården ","","",""
"0","H9B319d2","2021","19","sou","","sou","d2","","","19","2021-03-31 00:00:00","2021-04-01 08:37:10","En stärkt försörjningsberedskap för hälso- och sjukvården, del 2","","","H9B319"
"0","H9B320","2021","20","sou","","sou","","","","20","2022-01-01 00:00:00","2022-01-19 16:53:36","Ecris-TCN - ett mer effektivt utbyte av brottmålsdomar mot tredjelandsmedborgare ","","",""
"0","H9B321","2021","21","sou","","sou","","","","21","2021-03-31 00:00:00","2021-04-01 08:32:23","En klimatanpassad miljöbalk för samtiden och framtiden ","","",""
"0","H9B322","2021","22","sou","","sou","","","","22","2021-03-29 00:00:00","2021-03-30 09:16:04","Hårdare regler för nya nikotinprodukter","","",""
"0","H9B323","2021","23","sou","","sou","","","","23","2022-01-01 00:00:00","2022-01-19 16:52:45","Stärkt planering för en hållbar utveckling ","","",""
"0","H9B324","2021","24","sou","","sou","","","","24","2021-04-15 00:00:00","2021-04-30 08:31:26","Äga avfall - en del av den cirkulära ekonomin ","","",""
"0","H9B325","2021","25","sou","","sou","","","","25","2021-04-09 00:00:00","2021-04-30 08:30:26","Struktur för ökad motståndskraft ","","",""
"0","H9B326","2021","26","sou","","sou","","","","26","2022-01-01 00:00:00","2022-01-19 16:50:59","Använd det som fungerar","","",""
"0","H9B327","2021","27","sou","","sou","","","","27","2022-01-01 00:00:00","2022-01-19 16:51:51","Ett förbud mot rasistiska organisationer ","","",""
"0","H9B328","2021","28","sou","","sou","","","","28","2021-04-30 00:00:00","2021-04-30 08:32:43","Immunitet för utställningsföremål ","","",""
"0","H9B329","2021","29","sou","","sou","","","","29","2021-04-29 00:00:00","2021-04-30 08:33:21","Ökade möjligheter att förhindra illegal handel via post ","","",""
"0","H9B330","2021","30","sou","","sou","","","","30","2021-04-27 00:00:00","2021-04-30 08:32:08","Kampen om tiden - mer tid till lärande ","","",""
"0","H9B331","2021","31","sou","","sou","","","","31","2022-01-01 00:00:00","2022-01-19 16:48:50","Kontroller på väg ","","",""
"0","H9B332","2021","32","sou","","sou","","","","32","2022-01-01 00:00:00","2022-01-19 16:49:53","Papper, poddar och . Pliktmateriallagstiftning för ett tryggat källmaterial ","","",""
"0","H9B333","2021","33","sou","","sou","","","","33","2021-05-11 00:00:00","2021-05-21 10:20:45","En tioårig grundskola - Införandet av en ny årskurs 1 i grundskolan, grundsärskolan, specialskolan och sameskolan","","",""
"0","H9B334","2021","34","sou","","sou","","","","34","2021-05-04 00:00:00","2021-05-04 15:44:37","Börja med barnen! Sammanhållen god och nära vård för barn och unga ","","",""
"0","H9B335","2021","35","sou","","sou","","","","35","2022-01-01 00:00:00","2022-01-19 16:47:58","En stärkt rättsprocess och en ökad lagföring ","","",""
"0","H9B336","2021","36","sou","","sou","","","","36","2021-05-05 00:00:00","2021-05-21 10:19:59","Gode män och förvaltare - en översyn ","","",""
"0","H9B337","2021","37","sou","","sou","","","","37","2022-01-01 00:00:00","2022-01-19 16:46:53","Stärkt rätt till personlig assistans - Ökad rättssäkerhet för barn, fler grundläggande behov och tryggare sjukvårdande insatser ","","",""
"0","H9B338","2021","38","sou","","sou","","","","38","2021-05-21 00:00:00","2021-06-02 14:29:29","En ny lag om ordningsvakter m.m. ","","",""
"0","H9B339","2021","39","sou","","sou","","","","39","2022-01-01 00:00:00","2022-01-19 16:45:54","Ombuds tillgång till vård- och omsorgsuppgifter och förenklad behörighetskontroll inom vården ","","",""
"0","H9B340","2021","40","sou","","sou","","","","40","2021-06-01 00:00:00","2021-06-02 14:28:54","Mervärdesskatt vid inhyrd personal för vård och social omsorg ","","",""
"0","H9B341","2021","41","sou","","sou","","","","41","2022-01-01 00:00:00","2022-01-19 16:44:55","VAB för vårdåtgärder i skolan ","","",""
"0","H9B342","2021","42","sou","","sou","","","","42","2021-06-01 00:00:00","2021-06-02 14:28:02","Stärkta åtgärder mot penningtvätt och finansiering av terrorism ","","",""
"0","H9B343","2021","43","sou","","sou","","","","43","2022-01-01 00:00:00","2022-01-19 16:39:23","Ett förstärkt skydd mot sexuella kränkningar ","","",""
"0","H9B344","2021","44","sou","","sou","","","","44","2022-01-01 00:00:00","2022-01-19 16:41:10","Tillgänglighetsdirektivet ","","",""
"0","H9B345","2021","45","sou","","sou","","","","45","2021-06-01 00:00:00","2021-06-02 14:27:06","En EU-anpassad djurläkemedelslagstiftning ","","",""
"0","H9B345d2","2021","45","sou","","sou","d2","","","45","2021-06-01 00:00:00","2021-06-02 14:27:20","En EU-anpassad djurläkemedelslagstiftning, del 2","","","H9B345"
"0","H9B346","2021","46","sou","","sou","","","","46","2021-06-17 00:00:00","2021-06-17 18:15:39","Snabbare lagföring - ett snabbförfarande i brottmål","","",""
"0","H9B347","2021","47","sou","","sou","","","","47","2022-01-01 00:00:00","2022-01-19 16:38:16","Ett nytt regelverk för bygglov ","","",""
"0","H9B347d2","2021","47","sou","","sou","d2","","","47","2022-01-01 00:00:00","2022-01-19 16:38:30","Ett nytt regelverk för bygglov, del 2","","","H9B347"
"0","H9B348","2021","48","sou","","sou","","","","48","2021-06-01 00:00:00","2021-06-02 14:26:07","I en värld som ställer om - Sverige utan fossila drivmedel 2040 ","","",""
"0","H9B348d2","2021","48","sou","","sou","d2","","","48","2021-06-01 00:00:00","2021-06-02 14:26:25","I en värld som ställer om - Sverige utan fossila drivmedel 2040, del 2","","","H9B348"
"0","H9B349","2021","49","sou","","sou","","","","49","2022-01-01 00:00:00","2022-01-19 16:36:15","Kommuner mot brott ","","",""
"0","H9B350","2021","50","sou","","sou","","","","50","2021-06-04 00:00:00","2021-06-04 16:26:41","Fri hyressättning vid nyproduktion","","",""
"0","H9B351","2021","51","sou","","sou","","","","51","2022-01-01 00:00:00","2022-08-05 13:49:35","Skydd av arter - vårt gemensamma ansvar - Del 1","","",""
"0","H9B351d2","2021","51","sou","","sou","d2","","","51","2022-01-01 00:00:00","2022-08-05 13:49:51","Skydd av arter - vårt gemensamma ansvar - Del 2","","","H9B351"
"0","H9B352","2021","52","sou","","sou","","","","52","2022-01-01 00:00:00","2022-03-11 15:04:25","Vilja välja vård och omsorg - En hållbar kompetensförsörjning inom vård och omsorg om äldre","","",""
"0","H9B353","2021","53","sou","","sou","","","","53","2021-06-23 00:00:00","2021-06-28 10:29:04","En rättssäker vindkraftsprövning","","",""
"0","H9B354","2021","54","sou","","sou","","","","54","2021-07-02 00:00:00","2021-07-02 13:14:14","Ändrade regler i medborgarskapslagen","","",""
"0","H9B355","2021","55","sou","","sou","","","","55","2021-07-01 00:00:00","2021-07-01 17:09:25","Mikroföretagarkonto - schabloniserad inkomstbeskattning för de minsta företagen","","",""
"0","H9B356","2021","56","sou","","sou","","","","56","2022-01-01 00:00:00","2022-01-19 16:25:58","Nya regler om utländska föräldraskap och adoption i vissa fall ","","",""
"0","H9B357","2021","57","sou","","sou","","","","57","2021-06-28 00:00:00","2021-06-28 10:43:58","Om folkbokföring, samordningsnummer och identitetsnummer","","",""
"0","H9B358","2021","58","sou","","sou","","","","58","2021-07-06 00:00:00","2021-07-06 13:51:29","Läge och kvalitet i hyressättningen","","",""
"0","H9B359","2021","59","sou","","sou","","","","59","2021-06-30 00:00:00","2021-06-30 14:17:26","Vägen till ökad tillgänglighet - långsiktig, strategisk och i samverkan","","",""
"0","H9B361","2021","61","sou","","sou","","","","61","2021-06-30 00:00:00","2021-06-30 16:29:21","Utvisning på grund av brott - ett skärpt regelverk","","",""
"0","H9B362","2021","62","sou","","sou","","","","62","2021-06-29 00:00:00","2021-06-29 16:56:47","Användning av e-legitimation i tjänsten i den offentliga förvaltningen","","",""
"0","H9B363","2021","63","sou","","sou","","","","63","2021-07-02 00:00:00","2021-07-02 16:19:55","Sveriges säkerhet - behov av starkare skydd för nätverks- och informationssystem","","",""
"0","H9B364","2021","64","sou","","sou","","","","64","2021-07-20 00:00:00","2021-07-20 14:10:07","Ersättning till brottsoffer","","",""
"0","H9B365","2021","65","sou","","sou","","","","65","2021-08-11 00:00:00","2021-08-11 13:04:05","Stärkt fokus på framtidens forskningsinfrastruktur ","","",""
"0","H9B366","2021","66","sou","","sou","","","","66","2021-08-10 00:00:00","2021-08-11 11:21:04","Rätt mottagare Demokrativillkor och integritet ","","",""
"0","H9B367","2021","67","sou","","sou","","","","67","2021-07-30 00:00:00","2021-07-30 14:44:55","Vägen mot fossiloberoende jordbruk","","",""
"0","H9B368","2021","68","sou","","sou","","","","68","2021-08-25 00:00:00","2021-08-25 14:52:49","Skärpta straff för brott i kriminella nätverk ","","",""
"0","H9B369","2021","69","sou","","sou","","","","69","2021-08-20 00:00:00","2021-08-20 13:30:28","En sjukförsäkring med prevention, rehabilitering och trygghet ","","",""
"0","H9B369d2","2021","69","sou","","sou","d2","","","69","2021-08-20 00:00:00","2021-08-20 13:30:44","En sjukförsäkring med prevention, rehabilitering och trygghet, del 2","","","H9B369"
"0","H9B36d2","2021","6","sou","","sou","d2","","","6","2022-01-01 00:00:00","2022-02-23 16:35:18","Hälso- och sjukvårdens beredskap - struktur för ökad förmåga, del 2","","","ZZB36"
"0","H9B370","2021","70","sou","","sou","","","","70","2021-08-18 00:00:00","2021-08-18 09:51:33","Läromedelsutredningen - böckernas betydelse och elevernas tillgång till kunskap ","","",""
"0","H9B371","2021","71","sou","","sou","","","","71","2022-01-01 00:00:00","2022-01-19 16:25:24","Riksintressen i hälso- och sjukvården - stärkt statlig styrning för hållbar vårdinfrastruktur ","","",""
"0","H9B372","2021","72","sou","","sou","","","","72","2021-09-07 00:00:00","2021-09-08 14:30:35","Högskoleprovets organisation och styrning ","","",""
"0","H9B373","2021","73","sou","","sou","","","","73","2021-09-02 00:00:00","2021-09-03 14:45:47","Regler för statliga elvägar ","","",""
"0","H9B374","2021","74","sou","","sou","","","","74","2021-09-23 00:00:00","2021-09-24 10:11:46","Ett modernt belöningssystem, de allmänna flaggdagarna och redovisningen av anslaget till hovet ","","",""
"0","H9B374d2","2021","74","sou","","sou","d2","","","74","2021-09-23 00:00:00","2021-09-24 10:12:07","Ett modernt belöningssystem, de allmänna flaggdagarna och redovisningen av anslaget till hovet, del 2","","","H9B374"
"0","H9B374d3","2021","74","sou","","sou","d3","","","74","2021-09-23 00:00:00","2021-09-24 10:12:26","Ett modernt belöningssystem, de allmänna flaggdagarna och redovisningen av anslaget till hovet, del 3","","","H9B374"
"0","H9B375","2021","75","sou","","sou","","","","75","2021-09-23 00:00:00","2021-09-24 10:13:03","En god kommunal hushållning ","","",""
"0","H9B375d2","2021","75","sou","","sou","d2","","","75","2021-09-23 00:00:00","2021-09-24 10:13:21","En god kommunal hushållning, del 2","","","H9B375"
"0","H9B376","2021","76","sou","","sou","","","","76","2021-10-04 00:00:00","2021-10-05 14:17:56","EU:s förordning om terrorism­innehåll på internet - frågan om behörig myndighet ","","",""
"0","H9B377","2021","77","sou","","sou","","","","77","2022-01-01 00:00:00","2022-01-19 16:24:45","Från kris till kraft ","","",""
"0","H9B378","2021","78","sou","","sou","","","","78","2021-10-08 00:00:00","2021-10-13 15:44:11","Börja med barnen! Följa upp hälsa och dela information för en god och nära vård ","","",""
"0","H9B379","2021","79","sou","","sou","","","","79","2021-10-13 00:00:00","2021-10-13 15:42:42","En uppföljning av skriftlighetskravet vid telefonförsäljning","","",""
"0","H9B380","2021","80","sou","","sou","","","","80","2021-10-08 00:00:00","2021-10-13 15:43:24","Reglering av privata sjukvårdsförsäkringar - ökad kunskap och kontroll ","","",""
"0","H9B381","2021","81","sou","","sou","","","","81","2021-10-19 00:00:00","2021-10-19 08:56:39","En säker tillgång till dricksvatten av god kvalitet","","",""
"0","H9B382","2021","82","sou","","sou","","","","82","2021-10-28 00:00:00","2021-10-28 11:37:23","Säkerhetsprövning av totalförsvarspliktiga","","",""
"0","H9B383","2021","83","sou","","sou","","","","83","2021-10-26 00:00:00","2021-10-28 11:38:28","Belastningsregisterkontroll och avskiljande av studenter ","","",""
"0","H9B384","2021","84","sou","","sou","","","","84","2021-10-29 00:00:00","2021-11-02 12:20:47","Granskning av Rättsmedicinalverkets metod för medicinsk åldersbedömning i asylprocessen ","","",""
"0","H9B385","2021","85","sou","","sou","","","","85","2021-10-28 00:00:00","2021-10-28 11:35:14","Vägar till ett tryggare samhälle","","",""
"0","H9B385d2","2021","85","sou","","sou","d2","","","85","2021-10-28 00:00:00","2021-10-28 11:35:45","Vägar till ett tryggare samhälle, del 2","","","H9B385"
"0","H9B386","2021","86","sou","","sou","","","","86","2021-10-28 00:00:00","2021-10-28 11:33:58","ILO:s konvention om våld och trakasserier i arbetslivet ","","",""
"0","H9B387","2021","87","sou","","sou","","","","87","2021-11-02 00:00:00","2021-11-02 12:19:07","Granskning av utländska direktinvesteringar ","","",""
"0","H9B388","2021","88","sou","","sou","","","","88","2022-01-01 00:00:00","2022-01-19 16:24:07","Ett förbättrat system mot arbetskraftsexploatering m.m. ","","",""
"0","H9B389","2021","89","sou","","sou","","","","89","2021-11-02 00:00:00","2021-11-02 12:19:46","Sverige under pandemin ","","",""
"0","H9B389d2","2021","89","sou","","sou","d2","","","89","2021-11-02 00:00:00","2021-11-02 12:20:06","Sverige under pandemin, del 2","","","H9B389"
"0","H9B390","2021","90","sou","","sou","","","","90","2021-12-01 00:00:00","2021-12-01 15:36:00","En översyn av den straffrättsliga regleringen om preskription","","",""
"0","H9B391","2021","91","sou","","sou","","","","91","2021-11-24 00:00:00","2021-11-24 13:59:00","En ny rymdlag ","","",""
"0","H9B392","2021","92","sou","","sou","","","","92","2021-11-30 00:00:00","2021-12-10 15:50:34","Åtgärder i gränsnära områden ","","",""
"0","H9B393","2021","93","sou","","sou","","","","93","2021-11-26 00:00:00","2021-12-10 15:51:30","Från delar till helhet - En reform för samordnade, behovsanpassade och personcentrerade insatser till personer med samsjuklighet ","","",""
"0","H9B394","2021","94","sou","","sou","","","","94","2021-12-01 00:00:00","2021-12-01 15:44:23","Ett utökat skydd mot diskriminering","","",""
"0","H9B395","2021","95","sou","","sou","","","","95","2021-12-10 00:00:00","2021-12-10 15:49:52","En möjlighet till småskalig gårdsförsäljning av alkoholdrycker ","","",""
"0","H9B396","2021","96","sou","","sou","","","","96","2021-12-15 00:00:00","2021-12-17 15:14:17","Säkerhet och tillgänglighet vid val ","","",""
"0","H9B397","2021","97","sou","","sou","","","","97","2021-12-15 00:00:00","2021-12-17 15:15:11","Säker och kostnadseffektiv it-drift ","","",""
"0","H9B398","2021","98","sou","","sou","","","","98","2021-12-15 00:00:00","2021-12-17 15:15:55","Ett förbättrat trygghetssystem för företagare - enklare och mer förutsägbart ","","",""
"0","H9B399","2021","99","sou","","sou","","","","99","2021-12-21 00:00:00","2022-01-14 17:01:02","Rätt mottagare, Granskning och integritet","","",""
"0","HAB31","2022","1","sou","","sou","","","","1","2022-01-26 00:00:00","2022-01-26 12:47:51","Förbättrade åtgärder när barn misstänks för brott ","","",""
"0","HAB310","2022","10","sou","","sou","","","","10","2022-02-25 00:00:00","2022-03-11 15:01:35","Sverige under pandemin ","","",""
"0","HAB310d2","2022","10","sou","","sou","d2","","","10","2022-02-25 00:00:00","2022-03-11 15:02:14","Sverige under pandemin, del 2","","","HAB310"
"0","HAB311","2022","11","sou","","sou","","","","11","2022-03-15 00:00:00","2022-03-24 17:48:06","Handlingsplan för en långsiktig utveckling av tolktjänsten för döva, hörselskadade och personer med dövblindhet ","","",""
"0","HAB312","2022","12","sou","","sou","","","","12","2022-04-05 00:00:00","2022-04-05 16:51:14","Startlån till förstagångsköpare av bostad","","",""
"0","HAB313","2022","13","sou","","sou","","","","13","2022-04-01 00:00:00","2022-04-01 09:33:22","Godstransporter på väg - vissa frågeställningar kring ett nytt miljöstyrande system ","","",""
"0","HAB314","2022","14","sou","","sou","","","","14","2022-03-30 00:00:00","2022-04-01 09:35:14","Sänk tröskeln till en god bostad ","","",""
"0","HAB316","2022","16","sou","","sou","","","","16","2022-04-01 00:00:00","2022-04-01 09:32:50","Ett förstärkt lagstöd för utlämnande av sekretesskyddade uppgifter till utlandet ","","",""
"0","HAB317","2022","17","sou","","sou","","","","17","2022-04-01 00:00:00","2022-04-01 09:34:24","En modell för att mäta och belöna progression inom sfi ","","",""
"0","HAB318","2022","18","sou","","sou","","","","18","2022-04-13 00:00:00","2022-04-25 16:45:58","EU:s förordning om terrorisminnehåll på internet - kompletteringar och ändringar i svensk rätt","","",""
"0","HAB319","2022","19","sou","","sou","","","","19","2022-04-29 00:00:00","2022-04-29 16:05:39","Utökade möjligheter att använda hemliga tvångsmedel","","",""
"0","HAB32","2022","2","sou","","sou","","","","2","2022-02-02 00:00:00","2022-02-03 14:45:32","En skärpt syn på brott mot journalister och utövare av vissa samhällsnyttiga funktioner","","",""
"0","HAB320","2022","20","sou","","sou","","","","20","2022-04-21 00:00:00","2022-04-29 16:06:32","Privatkopieringsersättningen i framtiden ","","",""
"0","HAB321","2022","21","sou","","sou","","","","21","2022-05-18 00:00:00","2022-05-20 10:23:39","Rätt för klimatet","","",""
"0","HAB322","2022","22","sou","","sou","","","","22","2022-05-20 00:00:00","2022-05-23 13:28:07","Vägen till ökad tillgänglighet - delaktighet, tidiga insatser och inom lagens ram","","",""
"0","HAB323","2022","23","sou","","sou","","","","23","2022-05-16 00:00:00","2022-05-20 10:23:10","En oavvislig ersättningsrätt?","","",""
"0","HAB324","2022","24","sou","","sou","","","","24","2022-05-23 00:00:00","2022-05-24 11:14:17","Materielförsörjningsstrategi ","","",""
"0","HAB325","2022","25","sou","","sou","","","","25","2022-06-01 00:00:00","2022-06-01 13:37:53","Nya krav på betaltjänstleverantörer att lämna uppgifter ","","",""
"0","HAB326","2022","26","sou","","sou","","","","26","2022-06-01 00:00:00","2023-01-11 15:43:20","Extraordinära smittskyddsåtgärder - en bedömning ","","",""
"0","HAB327","2022","27","sou","","sou","","","","27","2022-05-25 00:00:00","2022-06-01 13:50:29","Begränsningar i möjligheterna för vissa aktörer att få tillstånd att bedriva öppenvårdsapotek ","","",""
"0","HAB328","2022","28","sou","","sou","","","","28","2022-06-01 00:00:00","2022-06-01 13:35:11","Vår demokrati - värd att värna varje dag ","","",""
"0","HAB328d2","2022","28","sou","","sou","d2","","","28","2022-06-01 00:00:00","2022-06-01 13:35:38","Vår demokrati - värd att värna varje dag, del 2","","","HAB328"
"0","HAB329","2022","29","sou","","sou","","","","29","2022-06-02 00:00:00","2022-06-17 17:56:25","Inkomstskatterapporter och några redovisningsfrågor ","","",""
"0","HAB33","2022","3","sou","","sou","","","","3","2022-01-28 00:00:00","2022-02-03 14:46:31","Sveriges tillgång till vaccin mot covid-19 - framgång genom samarbete och helgardering ","","",""
"0","HAB330","2022","30","sou","","sou","","","","30","2022-06-01 00:00:00","2022-06-01 13:32:41","Korttidsarbete under pandemin - en utvärdering av stödets betydelse ","","",""
"0","HAB331","2022","31","sou","","sou","","","","31","2022-06-07 00:00:00","2022-06-17 17:55:38","Rätt och lätt - ett förbättrat regelverk för VAB","","",""
"0","HAB332","2022","32","sou","","sou","","","","32","2022-06-01 00:00:00","2022-06-01 13:33:35","Ko ihmisarvoa mitathiin. Då människovärdet mättes ","","",""
"0","HAB333","2022","33","sou","","sou","","","","33","2022-06-14 00:00:00","2022-06-17 17:54:16","Om prövning och omprövning","","",""
"0","HAB334","2022","34","sou","","sou","","","","34","2022-06-07 00:00:00","2022-06-17 17:54:55","I mål - vägar vidare för att fler unga ska nå målen med sin gymnasieutbildning ","","",""
"0","HAB335","2022","35","sou","","sou","","","","35","2022-06-17 00:00:00","2022-06-17 17:53:24","Tryggare i vårdyrket - en översyn av vissa frågor inom utbildning till sjuksköterska och barnmorska ","","",""
"0","HAB336","2022","36","sou","","sou","","","","36","2022-06-17 00:00:00","2022-06-17 17:52:31","Arbetslivskriminalitet ","","",""
"0","HAB338","2022","38","sou","","sou","","","","38","2022-07-01 00:00:00","2022-07-01 13:12:20","Alla tiders föräldraskap","","",""
"0","HAB338d2","2022","38","sou","","sou","d2","","","38","2022-07-01 00:00:00","2022-07-01 13:12:35","Alla tiders föräldraskap, del 2","","","HAB338"
"0","HAB339","2022","39","sou","","sou","","","","39","2022-07-04 00:00:00","2022-07-04 16:58:22","Ett register för alla bostadsrätter","","",""
"0","HAB34","2022","4","sou","","sou","","","","4","2022-02-08 00:00:00","2022-02-10 12:25:03","Minska gapet - Åtgärder för jämställda livsinkomster","","",""
"0","HAB340","2022","40","sou","","sou","","","","40","2022-07-01 00:00:00","2022-07-01 13:09:37","God tvångsvård - trygghet, säkerhet och rättssäkerhet i psykiatrisk tvångsvård och rättspsykiatrisk vård ","","",""
"0","HAB341","2022","41","sou","","sou","","","","41","2022-06-28 00:00:00","2022-07-01 13:11:18","Nästa steg, ökad kvalitet och jämlikhet i vård och omsorg för äldre personer ","","",""
"0","HAB342","2022","42","sou","","sou","","","","42","2022-07-14 00:00:00","2022-07-14 10:43:28","Skydd för konsumenters kollektiva intressen - genomförande av EU:s grupptalandirektiv","","",""
"0","HAB344","2022","44","sou","","sou","","","","44","2022-08-05 00:00:00","2022-08-05 13:32:02","Kreativa Sverige! Nationell strategi för främjande av hållbar utveckling för företag i kulturella och kreativa branscher","","",""
"0","HAB345","2022","45","sou","","sou","","","","45","2022-08-29 00:00:00","2022-09-05 14:18:58","Steg framåt, med arbetsmiljön i fokus","","",""
"0","HAB347","2022","47","sou","","sou","","","","47","2022-09-02 00:00:00","2022-09-05 14:17:54","De regionala skyddsombudens roll i arbetsmiljöarbetet","","",""
"0","HAB348","2022","48","sou","","sou","","","","48","2022-09-05 00:00:00","2022-09-05 14:16:57","Tullverkets rättsliga befogenheter i en ny tid ","","",""
"0","HAB349","2022","49","sou","","sou","","","","49","2022-10-07 00:00:00","2022-10-14 14:42:21","Ändrade regler för vattenskotrar","","",""
"0","HAB35","2022","5","sou","","sou","","","","5","2022-02-15 00:00:00","2022-02-23 16:35:55","Innehållsvillkor för public service på internet - och ordningen för beslut vid förhandsprövning ","","",""
"0","HAB350","2022","50","sou","","sou","","","","50","2022-10-12 00:00:00","2022-10-14 14:43:51","Bättre möjligheter att verkställa frihetsberövanden ","","",""
"0","HAB351","2022","51","sou","","sou","","","","51","2022-11-08 00:00:00","2022-11-08 11:30:22","En ny statistik över hushållens tillgångar och skulder","","",""
"0","HAB351d2","2022","51","sou","","sou","d2","","","51","2022-03-11 00:00:00","2022-03-11 14:39:48","sou 2022 51 d2","","","HAB351"
"0","HAB352","2022","52","sou","","sou","","","","52","2022-10-25 00:00:00","2022-11-01 14:54:47","Utökade möjligheter att använda preventiva tvångsmedel ","","",""
"0","HAB353","2022","53","sou","","sou","","","","53","2022-11-08 00:00:00","2022-11-08 11:37:16","Statens ansvar för skolan - ett besluts- och kunskapsunderlag - Volym 1","","",""
"0","HAB353d2","2022","53","sou","","sou","d2","","","53","2022-11-08 00:00:00","2022-11-08 11:37:27","Statens ansvar för skolan - ett besluts- och kunskapsunderlag - Volym 2","","","HAB353"
"0","HAB354","2022","54","sou","","sou","","","","54","2022-10-14 00:00:00","2022-10-14 14:53:14","Naloxon kan rädda liv ","","",""
"0","HAB355","2022","55","sou","","sou","","","","55","2022-10-28 00:00:00","2022-11-01 14:53:43","Granskning av arbetet med att försöka uppnå frigivning av Dawit Isaak och Gui Minhai ","","",""
"0","HAB356","2022","56","sou","","sou","","","","56","2022-11-01 00:00:00","2022-11-01 14:52:44","En tryggad försörjning av metaller och mineral ","","",""
"0","HAB357","2022","57","sou","","sou","","","","57","2022-11-08 00:00:00","2022-11-08 11:37:44","Ett stärkt skydd för civilbefolkningen vid höjd beredskap","","",""
"0","HAB358","2022","58","sou","","sou","","","","58","2022-11-08 00:00:00","2022-11-08 11:36:16","Bättre förutsättningar inom djurens hälso- och sjukvård","","",""
"0","HAB359","2022","59","sou","","sou","","","","59","2022-11-11 00:00:00","2022-11-22 18:03:44","Försöksverksamhet utan författningsändring i den kommunala sektorn","","",""
"0","HAB36","2022","6","sou","","sou","","","","6","2022-02-23 00:00:00","2022-02-23 16:35:03","Hälso- och sjukvårdens beredskap - struktur för ökad förmåga ","","",""
"0","HAB360","2022","60","sou","","sou","","","","60","2022-12-07 00:00:00","2022-12-14 10:23:24","Sveriges tillgång till vaccin mot covid-19 ","","",""
"0","HAB361","2022","61","sou","","sou","","","","61","2022-11-29 00:00:00","2022-12-14 10:26:24","En ny lag om stöd vid korttidsarbete - ett mer förutsägbart, förenklat och stärkt regelverk ","","",""
"0","HAB362","2022","62","sou","","sou","","","","62","2022-11-15 00:00:00","2022-11-22 18:03:00","EU:s vapendirektiv - genomförande av 2017 års ändringsdirektiv på miniminivå ","","",""
"0","HAB364","2022","64","sou","","sou","","","","64","2022-11-15 00:00:00","2022-11-22 18:02:04","En ny ordning för asylsökandes boende","","",""
"0","HAB365","2022","65","sou","","sou","","","","65","2022-11-29 00:00:00","2022-12-14 10:24:07","En ny lag om stöd vid korttidsarbete - ett mer förutsägbart, förenklat och stärkt regelverk ","","",""
"0","HAB367","2022","67","sou","","sou","","","","67","2022-12-12 00:00:00","2022-12-14 10:22:17","Vägar till ett tryggare samhälle ","","",""
"0","HAB368","2022","68","sou","","sou","","","","68","2022-12-13 00:00:00","2022-12-14 10:21:41","Förnya taktiken i takt med tekniken ","","",""
"0","HAB369","2022","69","sou","","sou","","","","69","2023-01-01 00:00:00","2023-01-25 16:45:33","Kommuners och regioners kostnader för valfrihetssystem - ett kunskapsunderlag","","",""
"0","HAB36d2","2022","6","sou","","sou","d2","","","6","2022-02-25 00:00:00","2022-03-11 15:05:58","Hälso- och sjukvårdens beredskap - struktur för ökad förmåga, del 2","","","HAB36"
"0","HAB370","2022","70","sou","","sou","","","","70","2023-01-01 00:00:00","2023-01-25 16:44:20","En uppväxt fri från våld ","","",""
"0","HAB370d2","2022","70","sou","","sou","d2","","","70","2023-01-01 00:00:00","2023-01-25 16:44:39","En uppväxt fri från våld, del 2","","","HAB370"
"0","HAB371","2022","71","sou","","sou","","","","71","2023-01-01 00:00:00","2023-01-25 16:43:19","Tryggare hem för barn","","",""
"0","HAB372","2022","72","sou","","sou","","","","72","2023-01-01 00:00:00","2023-02-02 17:20:54","Tillgång till försäljningsuppgifter om humanläkemedel ","","",""
"0","HBB31","2023","1","sou","","sou","","","","1","2023-01-25 00:00:00","2023-01-25 16:41:41","Skärpta straff för flerfaldig brottslighet","","",""
"0","HBB310","2023","10","sou","","sou","","","","10","2023-11-08 00:00:00","2023-11-09 10:15:14","Tandvårdens stöd till våldsutsatta patienter ","","",""
"0","HBB3100","2023","100","sou","","sou","","","","100","2023-12-22 00:00:00","2024-01-19 16:43:22","Framtidens dataskydd Vid Skatteverket, Tullverket och Kronofogden ","","",""
"0","HBB3100d2","2023","100","sou","","sou","d2","","","100","2023-12-22 00:00:00","2024-01-19 16:43:39","Framtidens dataskydd Vid Skatteverket, Tullverket och Kronofogden, del 2","","","HBB3100"
"0","HBB3101","2023","101","sou","","sou","","","","101","2024-01-01 00:00:00","2024-01-19 16:44:31","Effektivare tillsyn över apotek, bättre skydd vid patientskador samt översyn av handel med receptfria läkemedel","","",""
"0","HBB3102","2023","102","sou","","sou","","","","102","2024-01-01 00:00:00","2024-01-19 16:45:18","Finansiella instrument i distribuerade liggare och vissa frågor om värdepappersavveckling","","",""
"0","HBB3103","2023","103","sou","","sou","","","","103","2024-01-01 00:00:00","2024-01-26 16:39:08","Areella näringar vid vatten","","",""
"0","HBB311","2023","11","sou","","sou","","","","11","2023-02-27 00:00:00","2023-02-27 09:39:21","Tillfälligt miljötillstånd för samhällsviktig verksamhet - för ökad försörjningsberedskap","","",""
"0","HBB312","2023","12","sou","","sou","","","","12","2023-03-20 00:00:00","2023-04-28 15:37:33","Förstärkt skydd för demokratin och domstolarnas oberoende ","","",""
"0","HBB313","2023","13","sou","","sou","","","","13","2023-03-31 00:00:00","2023-04-28 15:38:11","Patientöversikter inom EES och Sverige ","","",""
"0","HBB314","2023","14","sou","","sou","","","","14","2023-04-14 00:00:00","2023-04-28 15:38:48","Organisera för hållbar utveckling ","","",""
"0","HBB315","2023","15","sou","","sou","","","","15","2023-03-29 00:00:00","2023-04-28 15:39:22","Förnybart i tanken Ett styrmedelsförslag för en stärkt bioekonomi ","","",""
"0","HBB316","2023","16","sou","","sou","","","","16","2023-03-31 00:00:00","2023-04-28 15:39:56","Staten och betalningarna","","",""
"0","HBB316d2","2023","16","sou","","sou","d2","","","16","2023-03-31 00:00:00","2023-04-28 15:40:22","Staten och betalningarna, del 2","","","HBB316"
"0","HBB317","2023","17","sou","","sou","","","","17","2023-11-08 00:00:00","2023-11-09 10:14:39","En tydligare bestämmelse om hets mot folkgrupp ","","",""
"0","HBB318","2023","18","sou","","sou","","","","18","2023-04-28 00:00:00","2023-04-28 15:41:02","Värdet av vinden Kompensation, incitament och planering för en hållbar fortsatt utbyggnad av vindkraften","","",""
"0","HBB318d2","2023","18","sou","","sou","d2","","","18","2023-04-28 00:00:00","2023-04-28 15:41:14","Värdet av vinden Kompensation, incitament och planering för en hållbar fortsatt utbyggnad av vindkraften, del 2","","","HBB318"
"0","HBB319","2023","19","sou","","sou","","","","19","2023-05-12 00:00:00","2023-12-06 17:06:19","Statlig forskningsfinansiering ,Underlagsrapporter ","","",""
"0","HBB32","2023","2","sou","","sou","","","","2","2023-01-31 00:00:00","2023-02-02 17:24:09","En inre marknad för digitala tjänster - ansvarsfördelning mellan myndigheter ","","",""
"0","HBB320","2023","20","sou","","sou","","","","20","2023-05-16 00:00:00","2023-12-06 17:05:29","Förbud mot bottentrålning i marina skyddade områden ","","",""
"0","HBB321","2023","21","sou","","sou","","","","21","2023-05-30 00:00:00","2023-12-06 17:04:38","Informationsförsörjning på skolområdet, Skolverkets ansvar ","","",""
"0","HBB322","2023","22","sou","","sou","","","","22","2023-05-31 00:00:00","2023-12-06 17:02:55","Datalagring och åtkomst till elektronisk information ","","",""
"0","HBB323","2023","23","sou","","sou","","","","23","2023-11-08 00:00:00","2023-11-09 10:13:59","Ett modernare socialförsäkringsskydd för gravida ","","",""
"0","HBB324","2023","24","sou","","sou","","","","24","2023-05-31 00:00:00","2023-12-06 17:02:08","Etablering för fler Jämställda möjligheter till integration ","","",""
"0","HBB325","2023","25","sou","","sou","","","","25","2023-05-30 00:00:00","2023-12-06 17:03:42","Kunskapskrav för permanent uppehållstillstånd ","","",""
"0","HBB326","2023","26","sou","","sou","","","","26","2023-05-31 00:00:00","2023-12-06 17:00:32","Översyn av entreprenörsansvaret ","","",""
"0","HBB327","2023","27","sou","","sou","","","","27","2023-06-12 00:00:00","2023-12-06 16:59:41","Kamerabevakning för ett bättre djurskydd ","","",""
"0","HBB328","2023","28","sou","","sou","","","","28","2023-06-16 00:00:00","2023-12-06 16:58:53","Samhället mot skolattacker ","","",""
"0","HBB329","2023","29","sou","","sou","","","","29","2023-11-08 00:00:00","2023-11-09 10:13:16","Varje rörelse räknas - hur skapar vi ett samhälle som främjar fysisk aktivitet? ","","",""
"0","HBB33","2023","3","sou","","sou","","","","3","2023-01-20 00:00:00","2023-01-25 16:42:25","Nya regler om nödlidande kreditavtal och inkassoverksamhet ","","",""
"0","HBB330","2023","30","sou","","sou","","","","30","2023-06-20 00:00:00","2023-12-06 16:54:48","Ett trygghetssystem för alla - nytt regelverk för sjukpenninggrundande inkomst ","","",""
"0","HBB331","2023","31","sou","","sou","","","","31","2023-06-26 00:00:00","2023-06-30 16:49:41","Framtidens yrkeshögskola - stabil, effektiv och hållbar","","",""
"0","HBB332","2023","32","sou","","sou","","","","32","2023-06-19 00:00:00","2023-12-06 16:56:45","Biometri - för en effektivare brottsbekämpning ","","",""
"0","HBB333","2023","33","sou","","sou","","","","33","2023-06-21 00:00:00","2023-06-21 16:37:31","Ett förbättrat resegarantisystem","","",""
"0","HBB334","2023","34","sou","","sou","","","","34","2023-07-05 00:00:00","2023-07-05 17:24:23","Bolag och brott - några åtgärder mot oseriösa företag","","",""
"0","HBB335","2023","35","sou","","sou","","","","35","2023-06-19 00:00:00","2023-12-06 16:55:56","Nya regler om hållbarhetsredovisning ","","",""
"0","HBB336","2023","36","sou","","sou","","","","36","2023-06-16 00:00:00","2023-12-06 16:58:06","Genomförande av minimilönedirektivet ","","",""
"0","HBB337","2023","37","sou","","sou","","","","37","2023-07-05 00:00:00","2023-07-05 17:24:56","Förstärkt skydd för den personliga integriteten - Behovet av åtgärder mot oskuldskontroller, oskuldsintyg och oskuldsingrepp samt omvändelseförsök","","",""
"0","HBB338","2023","38","sou","","sou","","","","38","2023-07-03 00:00:00","2023-07-03 10:28:31","Ett förstärkt konsumentskydd mot riskfylld kreditgivning och överskuldsättning","","",""
"0","HBB339","2023","39","sou","","sou","","","","39","2023-06-30 00:00:00","2023-06-30 16:46:58","En inre marknad för digitala tjänster - kompletteringar och ändringar i svensk rätt","","",""
"0","HBB34","2023","4","sou","","sou","","","","4","2023-01-31 00:00:00","2023-02-02 17:22:48","Posttjänst för hela slanten ","","",""
"0","HBB340","2023","40","sou","","sou","","","","40","2023-08-25 00:00:00","2023-08-25 09:06:29","Förbättrade möjligheter för barn att utkräva sina rättigheter enligt barnkonventionen","","",""
"0","HBB341","2023","41","sou","","sou","","","","41","2023-08-31 00:00:00","2023-09-04 15:16:40","Förutsättningarna för en ny kollektivavtalad arbetslöshetsförsäkring","","",""
"0","HBB342","2023","42","sou","","sou","","","","42","2023-11-08 00:00:00","2023-11-09 10:12:37","Ett modernare regelverk för legaliseringar, apostille och andra former av intyganden ","","",""
"0","HBB343","2023","43","sou","","sou","","","","43","2023-08-22 00:00:00","2023-08-22 11:30:31","En samordnad registerkontroll för upphandlande myndigheter och enheter","","",""
"0","HBB344","2023","44","sou","","sou","","","","44","2023-11-08 00:00:00","2023-11-09 10:11:51","En översyn av regleringen om frihetsberövande påföljder för unga ","","",""
"0","HBB345","2023","45","sou","","sou","","","","45","2023-08-28 00:00:00","2023-09-04 15:20:23","Övergångsrestriktioner - ökat förtroende för offentlig verksamhet","","",""
"0","HBB346","2023","46","sou","","sou","","","","46","2023-08-31 00:00:00","2023-09-04 15:17:31","Jakt och fiske i renbetesland","","",""
"0","HBB347","2023","47","sou","","sou","","","","47","2023-08-30 00:00:00","2023-09-04 15:19:28","En utvecklad arbetsgivardeklaration - åtgärder mot missbruk av välfärdssystemen","","",""
"0","HBB348","2023","48","sou","","sou","","","","48","2023-08-31 00:00:00","2023-09-04 15:15:47","Rätt förutsättningar för sjukskrivning","","",""
"0","HBB349","2023","49","sou","","sou","","","","49","2023-08-31 00:00:00","2023-09-04 15:14:47","Skyddet för EU:s finansiella intressen Ändringar och kompletteringar i svensk rätt","","",""
"0","HBB35","2023","5","sou","","sou","","","","5","2023-01-31 00:00:00","2023-02-02 17:21:59","Från delar till helhet ","","",""
"0","HBB350","2023","50","sou","","sou","","","","50","2023-08-30 00:00:00","2023-09-04 15:18:22","En modell för svensk försörjningsberedskap","","",""
"0","HBB351","2023","51","sou","","sou","","","","51","2023-09-04 00:00:00","2023-09-07 13:40:44","Signalspaning i försvarsunderrättelseverksamhet - frågor med anledning av Europadomstolens dom ","","",""
"0","HBB352","2023","52","sou","","sou","","","","52","2023-09-07 00:00:00","2023-09-08 17:11:29","Ett stärkt och samlat skydd av välfärdssystemen ","","",""
"0","HBB353","2023","53","sou","","sou","","","","53","2023-09-14 00:00:00","2023-09-14 17:50:29","En ändamålsenlig arbetsskadeförsäkring - för bättre ekonomisk trygghet, kunskap och rättssäkerhet","","",""
"0","HBB353d2","2023","53","sou","","sou","d2","","","53","2023-09-14 00:00:00","2023-09-14 17:50:13","En ändamålsenlig arbetsskadeförsäkring - för bättre ekonomisk trygghet, kunskap och rättssäkerhet, del 2","","","HBB353"
"0","HBB354","2023","54","sou","","sou","","","","54","2023-09-04 00:00:00","2023-09-04 15:13:42","Centraliseringen av administrativa tjänster till Statens servicecenter - en utvärdering","","",""
"0","HBB355","2023","55","sou","","sou","","","","55","2023-09-20 00:00:00","2023-11-08 10:36:56","Vem äger fastigheten ","","",""
"0","HBB356","2023","56","sou","","sou","","","","56","2023-09-20 00:00:00","2023-11-08 10:36:12","Några smittskyddsfrågor inom socialtjänsten och socialförsäkringen ","","",""
"0","HBB357","2023","57","sou","","sou","","","","57","2023-10-04 00:00:00","2023-11-08 10:34:26","Åtgärder för tryggare bostadsområden ","","",""
"0","HBB358","2023","58","sou","","sou","","","","58","2023-09-27 00:00:00","2023-11-08 10:35:15","Kultursamhället - utvecklad samverkan mellan stat, region och kommun","","",""
"0","HBB359","2023","59","sou","","sou","","","","59","2023-10-11 00:00:00","2023-11-08 10:33:47","Ny myndighetsstruktur för finansiering av forskning och innovation ","","",""
"0","HBB36","2023","6","sou","","sou","","","","6","2023-02-07 00:00:00","2023-04-28 15:34:13","En lag om tilläggsskatt för företag i stora koncerner ","","",""
"0","HBB360","2023","60","sou","","sou","","","","60","2023-10-13 00:00:00","2023-11-08 10:33:04","Utökade möjligheter att använda preventiva tvångsmedel 2 ","","",""
"0","HBB361","2023","61","sou","","sou","","","","61","2023-10-16 00:00:00","2023-11-08 10:32:15","En säker och tillgänglig statlig e-legitimation ","","",""
"0","HBB362","2023","62","sou","","sou","","","","62","2023-11-08 00:00:00","2023-11-09 10:11:10","Vi kan bättre! Kunskapsbaserad narkotikapolitik med liv och hälsa i fokus ","","",""
"0","HBB363","2023","63","sou","","sou","","","","63","2023-10-27 00:00:00","2023-11-08 10:31:17","Sveriges säkerhet i etern ","","",""
"0","HBB364","2023","64","sou","","sou","","","","64","2023-11-01 00:00:00","2023-11-08 10:27:24","Ett förändrat regelverk för framtidens el- och gasnät ","","",""
"0","HBB365","2023","65","sou","","sou","","","","65","2023-10-27 00:00:00","2023-11-08 10:29:01","Bättre information om hyresbostäder ","","",""
"0","HBB366","2023","66","sou","","sou","","","","66","2023-11-07 00:00:00","2023-11-08 10:25:03","För barn och unga i samhällsvård ","","",""
"0","HBB366d2","2023","66","sou","","sou","d2","","","66","2023-11-07 00:00:00","2023-11-08 10:25:23","För barn och unga i samhällsvård, del 2","","","HBB366"
"0","HBB367","2023","67","sou","","sou","","","","67","2023-10-30 00:00:00","2023-11-08 10:28:23","Anonyma vittnen ","","",""
"0","HBB368","2023","68","sou","","sou","","","","68","2023-11-15 00:00:00","2023-12-06 16:48:51","Som om vi aldrig funnits - exkludering och assimilering av tornedalingar, kväner och lantalaiset ","","",""
"0","HBB368d2","2023","68","sou","","sou","d2","","","68","2023-11-15 00:00:00","2023-12-06 16:49:19","Som om vi aldrig funnits - exkludering och assimilering av tornedalingar, kväner och lantalaiset, del 2","","","HBB368"
"0","HBB368d3","2023","68","sou","","sou","d3","","","68","2023-11-15 00:00:00","2023-12-06 16:49:37","Som om vi aldrig funnits - exkludering och assimilering av tornedalingar, kväner och lantalaiset, del 3","","","HBB368"
"0","HBB369","2023","69","sou","","sou","","","","69","2023-11-01 00:00:00","2023-11-08 10:26:43","Ökat informationsflöde till brottsbekämpningen, En ny huvudregel ","","",""
"0","HBB37","2023","7","sou","","sou","","","","7","2023-02-07 00:00:00","2023-04-28 15:34:50","På egna ben - Utvecklad samverkan för individers etablering på arbetsmarknaden","","",""
"0","HBB370","2023","70","sou","","sou","","","","70","2023-11-08 00:00:00","2024-07-22 15:06:08","Ordning och reda - förstärkt och tillförlitlig byggkontroll","","",""
"0","HBB371","2023","71","sou","","sou","","","","71","2023-11-08 00:00:00","2024-07-22 15:05:05","Speciallivsmedel till barn inom öppen hälso- och sjukvård","","",""
"0","HBB372","2023","72","sou","","sou","","","","72","2023-11-22 00:00:00","2023-12-06 16:46:48","En enklare hantering av vattenfrågor vid planläggning och byggande ","","",""
"0","HBB373","2023","73","sou","","sou","","","","73","2023-11-15 00:00:00","2023-12-06 16:50:24","Genomförandet av vaccineringen mot sjukdomen covid-19 - en utvärdering ","","",""
"0","HBB375","2023","75","sou","","sou","","","","75","2023-11-28 00:00:00","2023-11-28 09:37:39","Stärkt konstitutionell beredskap","","",""
"0","HBB376","2023","76","sou","","sou","","","","76","2023-11-22 00:00:00","2023-12-06 16:45:31","Vidareanvändning av hälsodata för vård och klinisk forskning ","","",""
"0","HBB376d2","2023","76","sou","","sou","d2","","","76","2023-11-22 00:00:00","2023-12-06 16:45:58","Vidareanvändning av hälsodata för vård och klinisk forskning, del 2","","","HBB376"
"0","HBB377","2023","77","sou","","sou","","","","77","2023-11-17 00:00:00","2023-12-06 16:47:51","Behörig myndighet enligt EU:s avskogningsförordning","","",""
"0","HBB378","2023","78","sou","","sou","","","","78","2023-11-30 00:00:00","2023-11-30 16:41:20","Hemlig dataavläsning - utvärdering och permanent lagstiftning","","",""
"0","HBB379","2023","79","sou","","sou","","","","79","2023-11-22 00:00:00","2023-12-06 16:44:50","Arbetsrätten under krig och krigsfara ","","",""
"0","HBB38","2023","8","sou","","sou","","","","8","2023-02-21 00:00:00","2023-04-28 15:35:37","Arbetslivskriminalitet - arbetet i Sverige, en bedömning av omfattningen, lärdomar från Danmark och Finland ","","",""
"0","HBB380","2023","80","sou","","sou","","","","80","2023-11-22 00:00:00","2023-12-06 16:44:01","Ett starkare straffrättsligt skydd - mot sexuella kränkningar, bedrägerier i vissa fall och brott med hatmotiv avseende kön ","","",""
"0","HBB381","2023","81","sou","","sou","","","","81","2023-11-28 00:00:00","2023-11-28 09:38:12","Ett enklare bilstöd","","",""
"0","HBB382","2023","82","sou","","sou","","","","82","2023-12-06 00:00:00","2023-12-06 16:43:12","Ökad kontroll över tandvårdssektorn ","","",""
"0","HBB383","2023","83","sou","","sou","","","","83","2023-12-07 00:00:00","2023-12-13 14:13:18","Samordnat juridiskt stöd och vägledning för hälso- och sjukvårdens digitalisering ","","",""
"0","HBB384","2023","84","sou","","sou","","","","84","2023-12-04 00:00:00","2023-12-06 11:24:19","En hållbar bioekonomistrategi- för ett välmående fossilfritt samhälle","","",""
"0","HBB385","2023","85","sou","","sou","","","","85","2023-12-13 00:00:00","2023-12-13 14:10:58","Långtidsutredningen 2023 - Finanspolitisk konjunkturstabilisering ","","",""
"0","HBB386","2023","86","sou","","sou","","","","86","2023-12-13 00:00:00","2023-12-13 15:45:35","Trends in GDP Growth and its Driving Factors ","","",""
"0","HBB387","2023","87","sou","","sou","","","","87","2023-12-13 00:00:00","2023-12-13 15:46:19","Drivkrafter bakom globala trender i den neutrala räntan ","","",""
"0","HBB39","2023","9","sou","","sou","","","","9","2023-11-08 00:00:00","2023-11-09 10:10:34","Ett statligt huvudmannaskap för personlig assistans, Ökad likvärdighet, långsiktighet och kvalitet ","","",""
"0","HBB390","2023","90","sou","","sou","","","","90","2023-12-13 00:00:00","2023-12-13 16:08:54","Samspelet mellan finans- och penningpolitik i Sverige ","","",""
"0","HBB391","2023","91","sou","","sou","","","","91","2023-12-13 00:00:00","2023-12-13 16:08:13","Penning- och finanspolitisk konjunkturstabilisering ","","",""
"0","HBB393","2023","93","sou","","sou","","","","93","2023-12-13 00:00:00","2023-12-13 16:07:39","Budgetprocessen i det finanspolitiska ramverket ","","",""
"0","HBB394","2023","94","sou","","sou","","","","94","2023-12-14 00:00:00","2023-12-14 16:29:46","Förändring genom försök - Försöksverksamhet i den kommunala sektorn ","","",""
"0","HBB395","2023","95","sou","","sou","","","","95","2023-12-19 00:00:00","2023-12-20 14:55:12","Uppföljning för utveckling ","","",""
"0","HBB396","2023","96","sou","","sou","","","","96","2023-12-19 00:00:00","2023-12-20 14:54:41","En reform för datadelning ","","",""
"0","HBB397","2023","97","sou","","sou","","","","97","2023-12-13 00:00:00","2023-12-13 14:09:13","Ut ur utsatthet ","","",""
"0","HBB398","2023","98","sou","","sou","","","","98","2023-12-15 00:00:00","2023-12-20 14:53:03","Sexuellt utnyttjande i pornografiska syften ","","",""
"0","HBB398d2","2023","98","sou","","sou","d2","","","98","2023-12-15 00:00:00","2023-12-20 14:53:25","Sexuellt utnyttjande i pornografiska syften, del 2","","","HBB398"
"0","HBB399","2023","99","sou","","sou","","","","99","2023-12-19 00:00:00","2023-12-20 14:54:06","Nya tullrättsliga sanktioner och skärpta åtgärder mot utförsel av stöldgods ","","",""
"0","HCB31","2024","1","sou","","sou","","","","1","2024-01-12 00:00:00","2024-07-05 13:41:19","Ett starkare skydd för offentliganställda  mot våld, hot och trakasserier","","",""
"0","HCB310","2024","10","sou","","sou","","","","10","2024-02-05 00:00:00","2024-02-13 17:10:14","Preskription av avlägsnandebeslut och vissa frågor om återreseförbud ","","",""
"0","HCB311","2024","11","sou","","sou","","","","11","2024-02-08 00:00:00","2024-02-13 17:12:26","Rätt frågor på regeringens bord","","",""
"0","HCB312","2024","12","sou","","sou","","","","12","2024-02-02 00:00:00","2024-02-13 17:05:09","Mål och mening med integration","","",""
"0","HCB313","2024","13","sou","","sou","","","","13","2024-02-12 00:00:00","2024-08-06 08:49:10","En effektivare kontaktförbudslagstiftning ","- ett utökat skydd för utsatta personer","",""
"0","HCB314","2024","14","sou","","sou","","","","14","2024-02-21 00:00:00","2024-03-05 07:06:25","Arbetslivskriminalitet ","","",""
"0","HCB315","2024","15","sou","","sou","","","","15","2024-02-15 00:00:00","2024-07-22 14:24:52","Nya regler för arbetskraftsinvandring m.m.","","",""
"0","HCB316","2024","16","sou","","sou","","","","16","2024-02-19 00:00:00","2024-03-05 07:05:29","Växla yrke som vuxen - en reformerad vuxenutbildning och en ny yrkesskola för vuxna ","","",""
"0","HCB317","2024","17","sou","","sou","","","","17","2024-03-07 00:00:00","2024-03-08 14:47:47","Skolor mot brott","","",""
"0","HCB318","2024","18","sou","","sou","","","","18","2024-03-05 00:00:00","2024-03-08 14:46:56","Nya regler om cybersäkerhet SOU 2024:18 ","","",""
"0","HCB319","2024","19","sou","","sou","","","","19","2024-03-12 00:00:00","2024-03-12 09:47:05","En ny beredskapssektor - för ökad försörjningsberedskap ","","",""
"0","HCB31d2","2024","1","sou","","sou","d2","","","1","2024-07-02 00:00:00","2024-07-04 14:34:03","Nätt och jämnt","","","HCB31"
"0","HCB32","2024","2","sou","","sou","","","","2","2024-01-19 00:00:00","2024-01-19 16:46:11","Ett samordnat Vaccinationsarbete - för effektivare hantering av kommande vacciner","","",""
"0","HCB320","2024","20","sou","","sou","","","","20","2024-03-05 00:00:00","2024-03-05 07:04:08","Maskinellt värde för vissa industribyggnader - ett undantag från fastighetsskatt","","",""
"0","HCB321","2024","21","sou","","sou","","","","21","2024-03-08 00:00:00","2024-03-08 14:48:29","Ett inkluderande jämställdhetspolitiskt delmål mot våld ","","",""
"0","HCB322","2024","22","sou","","sou","","","","22","2024-03-15 00:00:00","2024-07-22 14:26:15","En ny organisation för förvaltning av EU-medel","","",""
"0","HCB323","2024","23","sou","","sou","","","","23","2024-03-25 00:00:00","2024-07-22 14:25:59","En trygg uppväxt utan nikotin, alkohol och lustgas","","",""
"0","HCB324","2024","24","sou","","sou","","","","24","2024-03-26 00:00:00","2024-04-26 14:48:25","Ett effektivt straffrättsligt skydd för statliga stöd till företag","","",""
"0","HCB325","2024","25","sou","","sou","","","","25","2024-04-03 00:00:00","2024-07-22 14:28:05","En mer effektiv tillsyn över socialtjänsten","","",""
"0","HCB326","2024","26","sou","","sou","","","","26","2024-04-02 00:00:00","2024-04-26 14:47:20","En utvärdering av förändringar i sjukförsäkringens regelverk under 2021 och 2022","","",""
"0","HCB327","2024","27","sou","","sou","","","","27","2024-04-17 00:00:00","2024-04-17 09:50:08","Kamerabevakning i offentlig verksamhet - lättnader och utökade möjligheter","","",""
"0","HCB328","2024","28","sou","","sou","","","","28","2024-04-19 00:00:00","2024-04-26 14:46:17","Offentlighetsprincipen eller insynslag, Allmänhetens insyn i enskilda aktörer inom skolväsendet ","","",""
"0","HCB329","2024","29","sou","","sou","","","","29","2024-04-29 00:00:00","2024-07-22 14:26:45","Goda möjligheter till ökat välstånd","","",""
"0","HCB32d2","2024","2","sou","","sou","d2","","","2","2024-01-19 00:00:00","2024-01-19 16:46:28","Ett samordnat Vaccinationsarbete - för effektivare hantering av kommande vacciner, del 2","","","HCB32"
"0","HCB33","2024","3","sou","","sou","","","","3","2024-01-10 00:00:00","2024-01-19 16:42:00","Ett starkt judiskt liv för framtida generationer","","",""
"0","HCB330","2024","30","sou","","sou","","","","30","2024-05-08 00:00:00","2024-07-22 14:16:58","En statlig ordning med brottsförebyggande åtgärder för barn och unga","","",""
"0","HCB331","2024","31","sou","","sou","","","","31","2024-05-13 00:00:00","2024-05-13 17:11:43","En ändamålsenlig vapenlagstiftning","","",""
"0","HCB331d2","2024","31","sou","","sou","d2","","","31","2024-05-13 00:00:00","2024-05-13 17:12:06","En ändamålsenlig vapenlagstiftning, del 2","","","HCB331"
"0","HCB332","2024","32","sou","","sou","","","","32","2024-05-03 00:00:00","2024-05-13 17:11:04","Åtgärder mot mervärdesskattebedrägerier","","",""
"0","HCB333","2024","33","sou","","sou","","","","33","2024-05-07 00:00:00","2024-05-13 17:12:45","Delad hälsodata - dubbel nytta ","","",""
"0","HCB334","2024","34","sou","","sou","","","","34","2024-05-13 00:00:00","2024-07-22 15:03:55","Ansvar och oberoende - public service i oroliga tider","","",""
"0","HCB335","2024","35","sou","","sou","","","","35","2024-05-16 00:00:00","2024-05-16 16:02:23","En framtid för alm och ask - förädling, forskning och finansiering ","","",""
"0","HCB336","2024","36","sou","","sou","","","","36","2024-06-04 00:00:00","2024-06-04 11:46:32","Förenkla och förbättra!","","",""
"0","HCB337","2024","37","sou","","sou","","","","37","2024-05-31 00:00:00","2024-06-04 11:47:40","Förbättrade ränteavdragsregler för företag","","",""
"0","HCB338","2024","38","sou","","sou","","","","38","2024-05-31 00:00:00","2024-06-04 11:48:04","Digitala fastighetsköp & Förköpsrätt vid fastighetstransaktioner","","",""
"0","HCB339","2024","39","sou","","sou","","","","39","2024-07-05 00:00:00","2024-07-05 13:24:03","Skärpta regler om ungdomsövervakning  och straffreduktion för unga","","",""
"0","HCB34","2024","4","sou","","sou","","","","4","2024-01-19 00:00:00","2024-07-22 14:24:31","Inskränkningarna i upphovsrätten","","",""
"0","HCB340","2024","40","sou","","sou","","","","40","2024-05-29 00:00:00","2024-07-22 15:04:12","Genomförande av lönetransparensdirektivet","","",""
"0","HCB341","2024","41","sou","","sou","","","","41","2024-06-14 00:00:00","2024-06-14 17:20:46","Styrkraft för lyckad integration ","","",""
"0","HCB342","2024","42","sou","","sou","","","","42","2024-06-13 00:00:00","2024-06-14 17:22:20","Bildning, utbildning och delaktighet","","",""
"0","HCB343","2024","43","sou","","sou","","","","43","2024-06-24 00:00:00","2024-06-24 10:49:20","Staten och kommunsektorn - samverkan, självstyrelse, styrning","","",""
"0","HCB344","2024","44","sou","","sou","","","","44","2024-06-14 00:00:00","2024-06-14 17:21:28","Stärkt kontroll av fusk i livsmedelskedjan","","",""
"0","HCB345","2024","45","sou","","sou","","","","45","2024-06-17 00:00:00","2024-06-17 14:32:20","Kompletterande bestämmelser till EU:s reviderade förordning om elektronisk identifiering","","",""
"0","HCB346","2024","46","sou","","sou","","","","46","2024-07-05 00:00:00","2024-07-05 14:55:38","Ny lag om internationella sanktioner","","",""
"0","HCB347","2024","47","sou","","sou","","","","47","2024-07-05 00:00:00","2024-07-05 14:44:43","Digital myndighetspost","","",""
"0","HCB348","2024","48","sou","","sou","","","","48","2024-07-05 00:00:00","2024-07-05 13:51:29","Ett ändamålsenligt samhällsskydd Volym 1","","",""
"0","HCB348d2","2024","48","sou","","sou","d2","","","48","2024-07-05 00:00:00","2024-07-05 13:51:41","Ett ändamålsenligt samhällsskydd Volym 2","","","HCB348"
"0","HCB349","2024","49","sou","","sou","","","","49","2024-07-05 00:00:00","2024-07-05 14:50:02","Arbetslöshetsförsäkringen vid störning, kris eller krig","","",""
"0","HCB35","2024","5","sou","","sou","","","","5","2024-01-10 00:00:00","2024-01-19 16:40:48","Förbättrad ordning och säkerhet vid förvar","","",""
"0","HCB350","2024","50","sou","","sou","","","","50","2024-07-05 00:00:00","2024-07-05 13:29:49","Nätt och jämnt","","",""
"0","HCB350d2","2024","50","sou","","sou","d2","","","50","2024-07-05 00:00:00","2024-07-05 13:30:26","Nätt och jämnt, del 2","","","HCB350"
"0","HCB351","2024","51","sou","","sou","","","","51","2024-07-05 00:00:00","2024-07-05 14:54:15","En mer rättssäker och effektiv domstolsprocess","","",""
"0","HCB352","2024","52","sou","","sou","","","","52","2024-07-05 00:00:00","2024-07-05 13:52:42","Allmänna sammankomster och Sveriges säkerhet","","",""
"0","HCB353","2024","53","sou","","sou","","","","53","2024-08-13 00:00:00","2024-08-13 17:00:09","Stöd till invandrares utvandring","","",""
"0","HCB354","2024","54","sou","","sou","","","","54","2024-08-29 00:00:00","2024-08-30 13:52:46","Vägar till ett tryggare samhälle","","",""
"0","HCB355","2024","55","sou","","sou","","","","55","2024-09-24 00:00:00","2024-09-26 15:50:26","En översyn av 23 kap. brottsbalken","","",""
"0","HCB356","2024","56","sou","","sou","","","","56","2024-08-29 00:00:00","2024-08-30 13:54:18","Animalieproduktion med hög konkurrenskraft och gott djurskydd ","","",""
"0","HCB357","2024","57","sou","","sou","","","","57","2024-09-03 00:00:00","2024-09-04 10:58:32","Ett nytt regelverk för hälsodataregister ","","",""
"0","HCB358","2024","58","sou","","sou","","","","58","2024-09-02 00:00:00","2024-09-02 15:10:23","Ett nytt regelverk mot penningtvätt och finansiering av terrorism","","",""
"0","HCB358d2","2024","58","sou","","sou","d2","","","58","2024-09-02 00:00:00","2024-09-02 15:10:38","Ett nytt regelverk mot penningtvätt och finansiering av terrorism, del 2","","","HCB358"
"0","HCB359","2024","59","sou","","sou","","","","59","2024-09-02 00:00:00","2024-09-02 15:08:40","Signalspaning i försvarsunderrättelseverksamhet ","","",""
"0","HCB36","2024","6","sou","","sou","","","","6","2024-01-25 00:00:00","2024-01-26 16:40:37","Steg mot stärkt kapacitet","","",""
"0","HCB360","2024","60","sou","","sou","","","","60","2024-08-29 00:00:00","2024-08-30 13:54:57","Stärkt stöd till anhöriga","","",""
"0","HCB361","2024","61","sou","","sou","","","","61","2024-09-02 00:00:00","2024-09-02 15:09:26","Effektivare kontrollmöjligheter i systemen för rot, rut, grön teknik och personalliggare","","",""
"0","HCB362","2024","62","sou","","sou","","","","62","2024-09-03 00:00:00","2024-09-04 10:57:26","En förbättrad modell för presumtionshyra ","","",""
"0","HCB363","2024","63","sou","","sou","","","","63","2024-09-03 00:00:00","2024-09-04 10:57:58","Ökat informationsutbyte mellan myndigheter ","","",""
"0","HCB364","2024","64","sou","","sou","","","","64","2024-09-19 00:00:00","2024-09-19 16:29:32","Motståndskraft i samhällsviktiga tjänster","","",""
"0","HCB365","2024","65","sou","","sou","","","","65","2024-10-01 00:00:00","2024-10-01 10:38:04","Kommuners och regioners grundläggande beredskap inför kris och krig ","","",""
"0","HCB366","2024","66","sou","","sou","","","","66","2025-01-01 00:00:00","2025-01-10 16:44:12","Livsviktigt lärande","","",""
"0","HCB367","2024","67","sou","","sou","","","","67","2024-10-02 00:00:00","2024-10-02 15:38:17","Om ekonomiska styrmedel för en mer cirkulär ekonomi ","","",""
"0","HCB368","2024","68","sou","","sou","","","","68","2024-10-15 00:00:00","2024-10-30 11:05:46","Mottagandelagen ","","",""
"0","HCB369","2024","69","sou","","sou","","","","69","2024-10-25 00:00:00","2024-10-30 11:07:06","Ett nytt konsumentkreditdirektiv","","",""
"0","HCB37","2024","7","sou","","sou","","","","7","2024-01-26 00:00:00","2024-01-26 16:41:55","Ett säkrare och mer tillgängligt fastighetsregister","","",""
"0","HCB370","2024","70","sou","","sou","","","","70","2024-10-25 00:00:00","2024-10-30 11:07:51","Tiotandvård","","",""
"0","HCB371","2024","71","sou","","sou","","","","71","2024-11-04 00:00:00","2024-11-04 16:55:10","Reglering av hushållens skulder ","","",""
"0","HCB372","2024","72","sou","","sou","","","","72","2024-11-07 00:00:00","2024-11-11 13:56:00","Stärkt medicinsk kompetens i kommunal hälso- och sjukvård","","",""
"0","HCB373","2024","73","sou","","sou","","","","73","2024-11-07 00:00:00","2024-11-11 13:56:59","Juridiska personers förvärv av lantbruksegendom genom testamente","","",""
"0","HCB374","2024","74","sou","","sou","","","","74","2024-11-22 00:00:00","2024-11-22 16:12:11","Fler vägar till arbetslivet","","",""
"0","HCB375","2024","75","sou","","sou","","","","75","2024-11-22 00:00:00","2024-11-22 16:12:49","Personuppgifter och mediegrundlagarna ","","",""
"0","HCB376","2024","76","sou","","sou","","","","76","2024-11-18 00:00:00","2024-11-22 16:13:30","Från överskottsmål till balansmål","","",""
"0","HCB377","2024","77","sou","","sou","","","","77","2024-12-05 00:00:00","2024-12-06 11:37:46","Ett modernt och anpassat regelverk för krigsmateriel","","",""
"0","HCB378","2024","78","sou","","sou","","","","78","2025-01-01 00:00:00","2025-01-10 16:43:17","Ett språkkrav för språkutveckling ","","",""
"0","HCB379","2024","79","sou","","sou","","","","79","2024-12-03 00:00:00","2024-12-06 11:35:02","Handlingsoffentlighet och handlingar som inhämtas genom straffprocessuella tvångsmedel ","","",""
"0","HCB38","2024","8","sou","","sou","","","","8","2024-02-02 00:00:00","2024-02-13 17:08:45","Livsmedelsberedskap för en ny tid ","","",""
"0","HCB380","2024","80","sou","","sou","","","","80","2024-11-26 00:00:00","2024-11-27 16:37:15","Vissa åtgärder för stärkt återvändandeverksamhet och utlänningskontroll ","","",""
"0","HCB381","2024","81","sou","","sou","","","","81","2024-12-03 00:00:00","2024-12-06 11:35:38","Ämneskunskaper och lärarskicklighet ","","",""
"0","HCB382","2024","82","sou","","sou","","","","82","2024-12-05 00:00:00","2024-12-06 11:36:19","Ökad va-beredskap ","","",""
"0","HCB383","2024","83","sou","","sou","","","","83","2024-12-11 00:00:00","2024-12-11 10:51:05","Fler vägar till att äga sitt boende ","","",""
"0","HCB383d2","2024","83","sou","","sou","d2","","","83","2024-12-11 00:00:00","2024-12-11 10:51:27","Fler vägar till att äga sitt boende, del 2","","","HCB383"
"0","HCB384","2024","84","sou","","sou","","","","84","2024-12-11 00:00:00","2024-12-11 10:49:13","Skärpt kontroll av utländska fastighetsförvärv ","","",""
"0","HCB385","2024","85","sou","","sou","","","","85","2024-12-20 00:00:00","2025-01-09 11:19:04","Effektivare gränsöverskridande inhämtning av elektroniska bevis","","",""
"0","HCB386","2024","86","sou","","sou","","","","86","2024-12-18 00:00:00","2024-12-18 14:23:33","Utformning av och alternativ för en ny kollektivavtalad arbetslöshetsförsäkring","","",""
"0","HCB387","2024","87","sou","","sou","","","","87","2024-12-18 00:00:00","2024-12-18 14:24:43","Ökat uppgiftsutbyte i det brottsförebyggande arbetet","","",""
"0","HCB388","2024","88","sou","","sou","","","","88","2024-12-11 00:00:00","2024-12-11 10:50:15","Säkerhetsprövningar ","","",""
"0","HCB389","2024","89","sou","","sou","","","","89","2024-12-16 00:00:00","2024-12-16 16:33:46","Vindkraft i havet ","","",""
"0","HCB39","2024","9","sou","","sou","","","","9","2024-02-02 00:00:00","2024-02-13 17:06:06","Utvecklat samarbete för verksamhetsförlagd utbildning","","",""
"0","HCB390","2024","90","sou","","sou","","","","90","2024-12-16 00:00:00","2024-12-16 16:36:26","Skatteincitament för juridiska personers gåvor till ideell verksamhet","","",""
"0","HCB391","2024","91","sou","","sou","","","","91","2024-12-19 00:00:00","2024-12-20 11:08:46","Ett tydligt regelverk för aktivt skogsbruk ","","",""
"0","HCB392","2024","92","sou","","sou","","","","92","2024-12-18 00:00:00","2024-12-18 14:25:42","Sverige i Afghanistan 2001-2021 ","","",""
"0","HCB393","2024","93","sou","","sou","","","","93","2024-12-20 00:00:00","2024-12-20 11:09:34","Effektivare verktyg för att bekämpa brott av unga lagöverträdare ","","",""
"0","HCB394","2024","94","sou","","sou","","","","94","2024-12-20 00:00:00","2024-12-20 11:10:06","Förstärkningsundervisning i skolan ","","",""
"0","HCB396","2024","96","sou","","sou","","","","96","2025-01-01 00:00:00","2025-01-09 11:19:43","Mediegrundlagarna och tillgänglighetskrav för vissa medier","","",""
"0","HCB397","2024","97","sou","","sou","","","","97","2025-01-01 00:00:00","2025-01-10 16:42:27","Mot en effektiv elektrifiering av transportsystemet ","","",""
"0","HCB398","2024","98","sou","","sou","","","","98","2025-01-01 00:00:00","2025-01-24 11:14:43","En ny samordnad miljöbedömnings- och tillståndsprövningsprocess ","","",""
"0","HCB398d2","2024","98","sou","","sou","d2","","","98","2025-01-01 00:00:00","2025-01-24 11:16:52","En ny samordnad miljöbedömnings- och tillståndsprövningsprocess, del 2","","","HCB398"
"0","HCB398d3","2024","98","sou","","sou","d3","","","98","2025-01-01 00:00:00","2025-01-24 11:17:12","En ny samordnad miljöbedömnings- och tillståndsprövningsprocess, del 3","","","HCB398"
"0","HDB31","2025","1","sou","","sou","","","","1","2025-01-14 00:00:00","2025-01-15 11:21:20","Skärpta krav för svenskt medborgarskap","","",""
"0","HDB311","2025","11","sou","","sou","","","","11","2025-01-28 00:00:00","2025-01-28 13:48:46","sou 2025 11 ","","",""
"0","HDB32","2025","2","sou","","sou","","","","2","2025-01-15 00:00:00","2025-01-15 11:20:37","Några frågor om grundläggande fri- och rättigheter ","","",""
"0","HDB33","2025","3","sou","","sou","","","","3","2025-01-16 00:00:00","2025-01-16 15:52:01","Skatteincitament för forskning och utveckling","","",""
"0","HDB34","2025","4","sou","","sou","","","","4","2025-01-16 00:00:00","2025-01-16 15:53:13","Moderna och enklare skatteregler för arbetslivet","","",""
"0","HDB35","2025","5","sou","","sou","","","","5","2025-01-17 00:00:00","2025-01-24 11:11:51","Avgift för områdessamverkan","","",""
"0","HDB36","2025","6","sou","","sou","","","","6","2025-01-24 00:00:00","2025-01-24 11:18:25","Plikten kallar!","","",""
"0","HDB37","2025","7","sou","","sou","","","","7","2025-01-16 00:00:00","2025-01-16 15:52:35","Ny kärnkraft i Sverige","","",""
